rank	lemma	score_pm	capital_share	deu-de_web-public_2019_300K_pm	deu-de_web-public_2019_300K_rank	deu_news_2024_300K_pm	deu_news_2024_300K_rank	deu_wikipedia_2021_300K_pm	deu_wikipedia_2021_300K_rank
1	der	108807.96	0.00	104410.47	1	107282.74	1	115002.55	1
2	und	27955.53	0.00	31985.44	2	23833.22	4	28659.34	2
3	ein	25267.95	0.00	25366.04	3	26196.45	2	24277.97	4
4	sein	23829.95	0.00	21433.39	4	24707.57	3	25553.22	3
5	in	19780.40	0.00	18413.35	5	19971.28	5	21045.67	5
6	werden	14325.42	0.00	12855.99	6	12443.18	7	18377.26	6
7	er	13313.74	0.00	10025.80	11	13020.21	6	18078.34	7
8	von	10774.06	0.00	9776.00	12	9486.63	12	13485.23	8
9	mit	10477.28	0.00	11094.73	7	10227.95	9	10135.26	10
10	im	10101.38	0.18	9385.64	13	9809.63	10	11194.87	9
11	zu	9557.27	0.00	10476.77	9	9579.05	11	8698.51	11
12	für	8507.82	0.00	10751.22	8	8692.19	14	6589.61	14
13	auf	8228.72	0.00	8103.55	14	8945.77	13	7685.92	13
14	haben	7337.36	0.00	6972.90	15	10907.88	8	5193.46	18
15	sie	7032.04	0.45	10108.84	10	5801.27	18	5929.38	16
16	auch	6140.44	0.00	6739.97	17	6630.53	16	5180.61	19
17	es	6096.76	0.00	6239.26	18	8127.22	15	4469.00	24
18	als	5637.45	0.00	4622.10	25	4896.56	23	7916.01	12
19	dies	5569.59	0.00	5969.92	19	4653.47	24	6218.89	15
20	an	5151.95	0.00	5197.42	22	4969.33	21	5294.40	17
21	nicht	5145.91	0.00	5490.08	21	6461.55	17	3841.13	28
22	können	4882.89	0.00	6783.71	16	4969.33	22	3453.44	29
23	ihr	4692.98	0.00	5744.54	20	4287.61	26	4196.24	26
24	bei	4611.21	0.00	4984.26	23	4976.47	20	3952.85	27
25	nach	4246.24	0.00	3387.08	31	4379.36	25	5161.34	20
26	am	4244.19	0.21	3159.93	35	5174.47	19	4675.47	22
27	aus	4160.77	0.00	3863.81	27	4157.92	28	4483.46	23
28	Jahr	3540.56	1.00	2661.88	38	3417.95	31	4878.03	21
29	dass	3326.32	0.00	3174.81	34	4159.93	27	2786.56	32
30	um	3188.27	0.00	3237.42	32	3625.77	30	2760.87	33
31	zum	3093.00	0.09	3404.62	30	2775.97	37	3130.66	31
32	wie	2884.92	0.00	3646.21	28	3866.84	29	1702.86	44
33	über	2841.33	0.00	3212.33	33	2632.88	40	2712.00	34
34	oder	2810.48	0.02	4541.28	26	2295.37	44	2129.55	37
35	bis	2720.37	0.00	2120.31	50	2128.18	50	4461.20	25
36	vor	2473.68	0.00	2393.65	41	3301.87	32	1915.06	40
37	noch	2359.13	0.00	2150.51	49	3098.07	33	1970.57	39
38	zur	2336.71	0.07	2915.90	36	1725.27	59	2536.05	35
39	durch	2300.78	0.00	2479.80	40	1563.43	62	3141.22	30
40	aber	2267.97	0.00	2158.73	47	3073.07	34	1758.38	42
41	nur	2241.33	0.00	2359.90	42	2258.32	46	2112.57	38
42	so	2218.64	0.00	2589.94	39	2746.95	38	1534.94	50
43	geben	2054.32	0.00	2157.84	48	2451.40	41	1638.86	45
44	alle	2050.35	0.00	2695.85	37	2179.97	48	1466.57	54
45	neu	2016.93	0.00	2267.97	43	2264.35	45	1597.56	47
46	sollen	1929.38	0.00	2208.24	44	2727.30	39	1192.44	61
47	erst	1892.06	0.00	1445.74	64	1883.53	55	2487.19	36
48	müssen	1763.56	0.00	2093.00	51	2309.44	42	1134.63	65
49	groß	1690.73	0.00	1597.40	58	1761.65	57	1717.31	43
50	mehr	1679.61	0.05	1737.51	55	2296.04	43	1187.62	62
51	man	1678.08	0.00	1999.30	52	2141.35	49	1103.66	67
52	viel	1627.44	0.00	2198.92	45	2194.70	47	893.07	86
53	ander	1622.39	0.00	1666.45	56	1643.79	61	1558.79	48
54	unter	1621.74	0.00	1501.03	62	1553.84	63	1828.57	41
55	gut	1590.37	0.06	2188.92	46	2032.42	52	904.08	82
56	kommen	1552.46	0.01	1312.96	68	1998.94	53	1425.51	55
57	kein	1525.59	0.00	1585.85	59	1846.92	56	1212.17	60
58	ich	1348.88	0.00	3447.48	29	2943.60	36	241.79	350
59	vom	1331.51	0.07	1306.74	69	1170.34	80	1543.42	49
60	wir	1326.07	0.00	4662.07	24	3061.24	35	163.34	533
61	weit	1321.77	0.00	1220.58	73	1239.10	75	1526.68	51
62	gehen	1258.61	0.01	1324.28	67	1757.86	58	856.36	89
63	wieder	1230.15	0.00	998.98	84	1497.14	66	1244.51	58
64	zwei	1217.02	0.00	834.67	95	1327.27	72	1626.93	46
65	seit	1201.59	0.00	956.57	86	1231.28	76	1472.77	53
66	stehen	1183.16	0.01	1255.00	71	1464.77	68	900.87	83
67	wenn	1166.57	0.00	1930.02	53	1496.91	67	549.42	141
68	ab	1158.81	0.00	1012.08	83	1015.21	86	1514.29	52
69	dann	1140.76	0.00	1376.02	66	1366.11	70	789.61	98
70	machen	1128.89	0.01	1427.97	65	1533.75	65	656.78	113
71	finden	1112.35	0.01	1553.21	60	839.98	101	1054.80	71
72	was	1090.48	0.00	1459.73	63	1543.79	64	575.34	130
73	dabei	1052.44	0.00	1223.25	72	1061.19	84	897.88	84
74	beim	1043.03	0.18	1081.14	79	1386.20	69	757.03	100
75	da	1031.54	0.00	992.32	85	999.80	89	1106.18	66
76	gegen	1024.87	0.00	643.49	126	1939.11	54	862.56	88
77	sowie	993.44	0.00	1300.52	70	686.40	122	1098.15	69
78	hier	965.69	0.00	1514.57	61	851.36	100	698.30	105
79	bereits	964.46	0.00	858.21	94	1125.25	82	928.85	80
80	damit	961.63	0.00	1068.48	80	1020.34	85	815.53	93
81	Zeit	956.86	1.00	874.64	93	812.52	106	1232.58	59
82	zwischen	951.25	0.00	776.72	97	815.20	105	1359.21	57
83	wollen	948.70	0.00	953.24	87	1681.29	60	532.67	147
84	lassen	939.29	0.02	1107.79	77	944.22	91	792.13	97
85	immer	924.25	0.00	1158.19	76	1175.25	79	579.93	126
86	sehr	914.74	0.00	1206.15	74	878.59	98	722.16	102
87	schon	908.96	0.00	1047.17	82	1343.79	71	533.59	146
88	liegen	882.24	0.00	800.70	96	826.58	103	1037.36	73
89	hoch	864.00	0.01	874.86	92	827.92	102	890.31	87
90	Mensch	861.40	1.00	1097.35	78	1168.78	81	498.26	160
91	drei	852.60	0.00	620.40	135	906.72	94	1101.59	68
92	sehen	811.65	0.01	776.27	98	1108.96	83	620.99	119
93	Stadt	778.94	1.00	730.75	108	682.83	123	946.98	76
94	Kind	776.06	1.00	1183.50	75	676.58	125	583.60	125
95	doch	758.92	0.00	752.51	106	1296.91	74	447.79	188
96	stellen	758.69	0.00	913.94	90	704.26	118	678.35	108
97	wenig	754.15	0.00	684.12	117	918.77	92	682.24	107
98	Deutschland	750.20	1.00	917.27	89	883.73	96	520.75	156
99	Leben	747.21	0.57	707.66	110	650.46	131	906.14	81
100	zeigen	742.83	0.00	770.05	103	951.14	90	559.51	134
101	jedoch	727.73	0.00	503.16	170	560.28	150	1366.78	56
102	etwa	721.24	0.00	494.72	176	789.75	107	960.05	75
103	ganz	719.60	0.00	1064.26	81	912.08	93	383.79	225
104	nun	718.28	0.00	618.40	137	1304.50	73	459.27	179
105	Tag	711.23	1.00	775.16	101	889.53	95	521.66	155
106	dort	711.12	0.00	554.45	153	687.07	121	943.76	77
107	beide	694.98	0.00	455.64	188	735.73	113	1001.12	74
108	klein	693.89	0.03	769.17	104	544.43	153	797.63	94
109	nehmen	692.83	0.02	651.93	123	639.97	132	796.95	95
110	erhalten	687.80	0.00	768.06	105	406.04	205	1043.10	72
111	heute	672.33	0.00	621.06	133	573.45	147	853.15	90
112	während	670.36	0.00	502.71	171	637.74	134	939.41	78
113	Teil	665.36	0.89	554.23	154	500.91	172	1060.76	70
114	bleiben	656.42	0.00	508.48	168	820.11	104	678.12	109
115	selbst	654.62	0.07	688.34	115	706.49	116	576.72	128
116	Ende	652.83	1.00	420.55	201	704.26	117	939.18	79
117	deutsch	651.90	0.00	583.76	146	631.94	137	750.84	101
118	alt	631.52	0.02	528.47	163	577.92	146	824.47	92
119	Land	630.80	1.00	631.72	130	755.15	110	526.02	151
120	rund	628.44	0.10	653.04	122	881.50	97	431.05	197
121	führen	619.79	0.01	552.45	155	521.00	166	827.00	91
122	Frau	615.57	1.00	544.46	159	665.87	127	643.25	116
123	wichtig	611.50	0.00	942.14	88	700.91	119	346.17	247
124	ohne	607.06	0.00	701.00	111	611.62	140	521.66	154
125	dazu	603.12	0.00	736.30	107	689.97	120	431.74	196
126	Unternehmen	596.10	0.95	906.83	91	563.63	149	414.30	206
127	eigen	595.87	0.00	680.35	118	531.04	161	585.44	124
128	spät	568.18	0.00	311.53	277	502.92	171	1170.41	63
129	Euro	567.30	1.00	776.05	99	1224.81	78	192.01	450
130	stark	558.31	0.01	466.96	182	661.85	129	562.96	133
131	sagen	554.10	0.00	534.24	162	2046.48	51	155.54	555
132	Prozent	553.47	1.00	620.17	136	1228.16	77	222.52	383
133	sondern	539.91	0.01	631.94	129	565.86	148	440.00	192
134	lang	537.40	0.03	436.32	192	534.17	157	665.73	112
135	einige	531.43	0.00	456.75	187	531.93	159	617.55	120
136	allerdings	525.53	0.00	430.77	196	606.49	142	555.39	137
137	weiter	521.89	0.00	492.94	177	744.89	112	387.00	222
138	Mal	518.22	0.53	620.84	134	678.37	124	330.34	262
139	gelten	516.35	0.00	609.07	142	485.95	177	465.00	177
140	dürfen	512.66	0.00	608.63	143	754.26	111	293.41	294
141	jeder	500.58	0.00	775.61	100	489.08	176	330.57	261
142	spielen	495.77	0.00	351.72	245	546.22	152	634.07	117
143	zweit	488.31	0.00	331.51	257	498.23	173	704.73	103
144	kurz	488.30	0.00	387.25	223	527.02	164	570.30	131
145	setzen	487.45	0.01	492.27	179	533.72	158	440.68	191
146	mehrere	486.93	0.00	328.85	263	539.08	154	651.05	114
147	möglich	486.00	0.00	650.59	124	517.42	168	340.89	250
148	vier	484.78	0.00	329.96	260	517.42	167	667.10	111
149	neben	484.73	0.00	557.33	151	377.02	219	541.85	142
150	verschieden	482.25	0.00	658.81	120	270.54	331	629.02	118
151	halten	482.16	0.00	429.66	197	551.35	151	473.03	173
152	ins	482.04	0.01	402.79	210	675.46	126	411.55	208
153	welcher	472.78	0.00	692.56	114	328.36	264	464.54	178
154	Weg	471.63	0.88	517.37	167	528.81	163	383.33	226
155	Fall	465.99	1.00	609.96	139	537.07	156	308.78	281
156	unser	462.17	0.00	1857.63	54	734.84	115	72.26	1260
157	ob	461.84	0.01	698.78	113	623.01	138	226.19	375
158	Mann	454.95	1.00	262.24	331	769.66	109	466.38	176
159	Arbeit	453.35	1.00	614.40	138	352.46	244	430.13	198
160	Ort	453.30	1.00	406.57	209	374.34	222	611.82	121
161	nutzen	449.98	0.08	643.27	127	361.17	234	392.05	220
162	zudem	449.95	0.00	430.99	194	531.49	160	397.56	217
163	erreichen	448.09	0.03	382.36	227	338.85	256	694.17	106
164	bekannt	447.75	0.00	283.55	298	450.68	189	702.20	104
165	Haus	447.72	1.00	423.44	199	415.86	199	509.50	159
166	jung	446.92	0.04	434.54	193	537.96	155	381.73	228
167	wo	445.03	0.00	415.45	204	467.87	184	453.30	185
168	etwas	444.82	0.04	562.89	150	601.36	143	259.91	324
169	gemeinsam	443.59	0.00	606.85	144	423.23	197	339.75	251
170	du	441.65	0.00	1605.17	57	461.17	188	116.31	765
171	dafür	440.95	0.00	552.01	158	616.98	139	251.66	337
172	Spiel	439.84	1.00	269.12	324	658.28	130	480.14	169
173	besonders	437.17	0.00	593.75	145	468.09	183	300.52	289
174	bestehen	436.02	0.06	458.52	185	237.06	387	762.31	99
175	denn	435.53	0.00	685.23	116	735.73	114	163.79	530
176	statt	433.81	0.00	479.17	180	358.49	237	475.09	172
177	Bereich	433.71	1.00	654.37	121	323.00	267	385.86	224
178	Platz	432.39	1.00	315.53	274	463.63	187	552.40	140
179	Uhr	430.20	1.00	552.23	156	1000.25	88	144.07	609
180	meist	427.66	0.00	438.32	191	307.60	275	579.93	127
181	also	424.25	0.00	544.01	160	523.67	165	267.94	311
182	Deutscher	418.56	1.00	492.94	178	388.85	212	382.42	227
183	jetzt	416.17	0.23	625.95	132	1009.40	87	114.01	781
184	weil	415.22	0.00	388.36	220	639.53	133	288.13	299
185	bringen	410.66	0.00	421.00	200	505.15	170	325.52	268
186	einfach	408.11	0.00	712.99	109	466.75	185	204.17	423
187	Familie	402.81	1.00	387.47	222	346.21	248	487.02	165
188	ebenfalls	401.80	0.00	322.63	266	372.33	226	539.79	144
189	letzt	398.95	0.00	345.06	250	450.24	190	408.57	210
190	Seite	396.51	1.00	528.02	164	292.64	291	403.29	212
191	Thema	394.58	1.00	771.61	102	394.21	210	201.87	428
192	zurück	390.59	0.00	236.48	368	391.30	211	643.71	115
193	außerdem	390.54	0.00	428.55	198	306.03	278	453.99	184
194	insgesamt	389.61	0.00	341.95	252	360.95	235	478.99	171
195	befinden	388.94	0.00	275.34	311	238.62	386	895.13	85
196	Million	386.15	1.00	299.32	290	610.51	141	314.97	274
197	arbeiten	385.93	0.00	418.11	203	292.64	292	469.59	175
198	deutlich	381.30	0.00	396.35	214	495.10	174	282.40	303
199	Person	380.65	1.00	358.16	240	376.35	220	409.03	209
200	Frage	379.42	1.00	699.22	112	433.05	195	180.31	490
201	treffen	374.87	0.16	349.94	247	510.06	169	295.01	292
202	aktuell	372.23	0.00	609.96	140	580.15	145	145.67	603
203	wissen	371.96	0.19	508.04	169	472.56	182	214.26	406
204	beginnen	368.67	0.01	269.56	322	274.56	324	676.74	110
205	oft	362.81	0.00	394.13	215	361.39	232	335.16	257
206	schnell	362.78	0.00	500.93	172	429.48	196	221.83	387
207	Woche	361.88	1.00	396.57	213	664.97	128	179.62	492
208	zusammen	360.21	0.00	372.81	230	274.78	322	456.05	182
209	Geschichte	356.47	1.00	308.20	279	264.74	343	554.93	138
210	Monat	356.39	1.00	373.04	229	476.35	181	254.64	333
211	davon	354.96	0.00	303.98	285	438.18	192	335.62	256
212	darauf	354.17	0.00	322.85	265	407.60	203	337.45	253
213	Grund	352.56	1.00	329.29	262	377.02	218	352.82	243
214	Berlin	351.90	1.00	388.14	221	343.31	253	326.90	267
215	Ziel	350.18	1.00	464.30	184	348.89	247	264.96	317
216	fünf	349.18	0.00	242.70	356	410.06	201	427.61	200
217	entstehen	347.68	0.01	320.86	269	227.01	400	576.72	129
218	jed	346.61	0.00	521.81	165	316.97	272	251.66	338
219	hören	346.60	0.02	391.24	216	352.91	243	301.44	287
220	nah	343.76	0.00	360.60	238	477.02	180	236.06	358
221	direkt	339.98	0.00	478.95	181	282.60	308	290.19	297
222	handeln	339.77	0.11	329.52	261	335.50	258	354.66	242
223	Name	338.83	1.00	237.59	367	205.81	441	795.11	96
224	zahlreich	338.57	0.00	333.07	256	259.83	352	448.25	187
225	Schule	338.04	1.00	577.10	147	203.80	447	328.28	266
226	bieten	337.88	0.00	646.15	125	267.86	336	222.75	382
227	bekommen	337.03	0.00	409.90	208	448.67	191	208.07	414
228	daher	336.79	0.00	420.11	202	262.73	346	345.94	248
229	Art	334.05	1.00	363.27	236	209.60	433	489.32	163
230	ziehen	333.48	0.01	222.93	387	403.58	208	412.01	207
231	September	333.05	1.00	258.02	339	272.55	327	525.10	152
232	Projekt	331.77	1.00	639.49	128	283.04	306	201.65	429
233	gleich	330.56	0.00	339.51	253	313.85	274	338.83	252
234	fast	329.13	0.11	276.89	308	407.15	204	316.12	273
235	erklären	328.08	0.00	277.78	306	583.05	144	217.93	396
236	Beispiel	327.63	1.00	554.45	152	286.39	298	221.37	388
237	lange	327.13	0.10	307.98	282	383.05	214	296.62	290
238	international	326.40	0.13	367.49	235	258.49	355	365.90	236
239	entwickeln	326.17	0.00	466.52	183	196.66	459	378.06	230
240	einmal	325.45	0.00	387.03	224	464.74	186	191.55	451
241	laut	325.36	0.34	213.39	411	877.92	99	183.75	473
242	zunächst	324.05	0.00	228.48	379	289.29	294	514.55	158
243	sprechen	323.81	0.00	290.66	293	529.03	162	220.69	391
244	Gemeinde	322.20	1.00	206.95	429	266.75	339	605.62	122
245	Welt	321.08	1.00	385.69	226	357.82	239	239.73	354
246	schwer	316.28	0.00	231.59	374	477.69	179	285.84	300
247	Mitglied	313.92	1.00	270.45	319	201.12	452	568.46	132
248	wegen	313.83	0.00	178.30	514	481.04	178	360.16	237
249	wer	313.13	0.00	627.72	131	635.95	136	76.85	1178
250	Oktober	310.68	1.00	197.84	450	272.33	328	556.30	135
251	Mai	309.80	1.00	214.94	409	255.81	359	540.47	143
252	Einsatz	306.59	1.00	282.22	301	357.38	240	285.61	301
253	Juni	306.27	1.00	187.18	482	277.46	319	552.86	139
254	schaffen	306.16	0.01	317.75	272	341.30	255	264.50	318
255	genau	304.38	0.00	400.35	211	377.47	217	186.50	468
256	darüber	302.67	0.00	390.58	217	283.49	304	250.28	340
257	tragen	299.01	0.00	267.34	325	250.68	367	398.70	216
258	zwar	298.68	0.00	279.78	305	405.59	206	234.68	360
259	Team	298.49	1.00	301.09	287	408.94	202	215.87	401
260	Straße	295.95	1.00	213.39	410	373.22	224	325.29	269
261	recht	295.74	0.42	313.53	275	282.60	310	291.80	296
262	unterstützen	295.64	0.01	499.38	174	282.15	312	183.29	476
263	aufgrund	295.50	0.00	238.92	365	246.21	376	438.39	194
264	öffentlich	292.77	0.00	337.51	254	256.48	357	289.74	298
265	erfolgen	290.17	0.00	370.82	232	127.68	706	515.70	157
266	Bild	289.75	1.00	331.29	258	301.79	282	243.17	348
267	Entwicklung	289.71	1.00	441.65	189	214.74	423	256.24	329
268	sogar	289.67	0.00	321.52	268	435.06	193	173.66	512
269	Problem	289.08	1.00	333.29	255	388.40	213	186.50	469
270	zusätzlich	287.62	0.00	379.25	228	224.78	404	278.95	306
271	schreiben	287.26	0.01	216.05	405	350.46	245	312.91	275
272	mögen	286.72	0.00	667.69	119	367.87	229	95.89	936
273	Anfang	286.30	1.00	207.83	426	280.14	315	402.83	214
274	politisch	285.72	0.00	210.72	420	307.37	276	359.93	238
275	Möglichkeit	284.81	1.00	576.43	148	234.38	390	170.91	518
276	früh	283.82	0.02	171.64	535	343.98	252	387.00	223
277	Gruppe	283.28	1.00	251.13	344	221.43	409	408.57	211
278	je	282.57	0.00	320.41	270	217.42	416	323.69	271
279	aller	282.25	0.00	362.38	237	268.98	335	230.55	366
280	heißen	281.20	0.00	243.36	353	490.19	175	186.28	470
281	bestimmen	279.85	0.00	413.45	206	174.56	510	303.50	284
282	pro	279.33	0.16	312.86	276	303.80	280	229.17	369
283	Januar	278.94	1.00	177.19	521	234.16	391	522.81	153
284	nennen	277.64	0.00	178.30	516	248.67	369	482.43	168
285	Verein	277.50	1.00	192.74	464	282.15	311	392.74	219
286	Film	276.90	1.00	211.39	415	189.74	471	529.00	150
287	verwenden	276.07	0.01	388.58	219	126.34	715	428.30	199
288	November	275.71	1.00	166.98	552	261.39	348	479.91	170
289	Folge	274.81	1.00	192.74	463	306.03	277	351.68	244
290	März	274.55	1.00	167.20	551	250.68	366	493.45	161
291	leicht	271.35	0.00	288.88	295	288.62	296	239.50	356
292	gerade	270.85	0.21	352.16	244	374.12	223	150.72	579
293	Meter	270.26	1.00	133.01	717	277.24	320	534.97	145
294	deshalb	269.62	0.00	349.28	248	318.31	271	176.18	500
295	treten	268.69	0.01	188.07	480	210.27	431	490.23	162
296	April	268.42	1.00	158.98	586	228.80	396	531.30	148
297	gewinnen	266.67	0.00	161.87	571	274.11	325	427.15	201
298	erfolgreich	265.73	0.00	321.97	267	222.33	407	261.98	320
299	folgen	265.57	0.00	183.63	494	230.36	394	442.52	190
300	laufen	262.86	0.04	242.92	355	395.32	209	189.03	460
301	Punkt	259.55	1.00	195.18	458	342.64	254	261.29	321
302	sechs	258.02	0.00	179.63	506	284.16	301	336.31	255
303	Juli	256.38	1.00	153.66	615	239.74	384	457.20	181
304	mein	255.85	0.00	609.51	141	414.07	200	66.30	1365
305	legen	255.24	0.02	270.23	321	247.77	371	248.21	342
306	Ergebnis	254.80	1.00	357.27	241	259.61	354	178.25	493
307	Rahmen	254.33	0.99	500.49	173	181.03	486	181.46	483
308	unterschiedlich	254.18	0.00	398.35	212	148.66	595	277.12	307
309	August	252.55	1.00	154.54	611	215.18	420	484.04	167
310	fest	252.09	0.20	260.46	335	303.13	281	202.79	427
311	Dezember	250.79	1.00	133.67	708	222.33	406	530.38	149
312	gegenüber	250.02	0.10	218.05	397	269.43	333	265.88	315
313	Jahrhundert	249.39	1.00	171.86	534	78.80	1146	1144.26	64
314	Region	249.01	1.00	275.78	310	280.36	314	199.58	435
315	Kosten	245.68	0.63	358.16	239	332.15	261	124.57	717
316	häufig	245.68	0.00	301.09	288	159.16	557	309.24	280
317	steigen	245.38	0.00	187.18	483	349.79	246	225.50	377
318	natürlich	244.83	0.00	439.21	190	323.45	266	103.23	880
319	nachdem	244.22	0.00	135.23	701	255.59	360	421.18	205
320	nichts	243.89	0.05	264.23	330	372.55	225	147.28	590
321	zehn	242.30	0.00	185.63	488	333.49	260	229.63	368
322	Zahl	242.27	1.00	212.50	413	315.86	273	211.74	408
323	Rolle	241.03	1.00	238.92	363	228.58	397	256.24	330
324	danach	238.76	0.00	163.87	567	205.81	442	403.29	213
325	versuchen	238.27	0.00	169.64	543	279.03	316	285.61	302
326	Stunde	237.82	1.00	261.13	333	345.77	249	148.88	587
327	frei	237.67	0.00	258.68	338	214.51	424	241.79	349
328	Stelle	237.63	1.00	272.89	313	201.12	451	244.31	346
329	hin	236.85	0.00	248.69	347	242.19	382	220.46	392
330	bisher	236.63	0.00	222.49	389	328.80	263	181.00	485
331	tun	236.12	0.02	308.20	281	405.37	207	105.30	853
332	veröffentlichen	235.27	0.00	168.09	548	178.58	494	433.57	195
333	solcher	234.26	0.00	280.89	303	264.07	345	173.20	515
334	suchen	234.14	0.00	344.17	251	269.87	332	138.10	639
335	sorgen	234.01	0.00	284.22	296	422.33	198	106.67	839
336	Europa	233.28	1.00	238.92	364	260.94	349	203.48	425
337	erneut	232.87	0.00	138.56	685	273.44	326	333.09	258
338	schließen	230.98	0.00	161.43	573	214.96	421	354.89	241
339	Mitarbeiter	228.47	1.00	390.36	218	208.26	435	146.59	595
340	weiterhin	228.21	0.00	204.95	435	253.13	365	228.94	371
341	Form	228.05	1.00	271.56	318	131.03	691	333.09	259
342	Raum	227.44	1.00	277.11	307	171.88	519	246.84	343
343	sowohl	227.10	0.00	265.79	326	164.07	544	268.40	310
344	Information	226.89	1.00	575.10	149	172.10	518	117.91	754
345	insbesondere	226.88	0.00	308.20	280	147.77	597	256.24	331
346	Datum	224.91	1.00	552.23	157	159.38	556	129.15	695
347	schließlich	224.74	0.00	163.65	568	186.17	480	372.32	234
348	Preis	223.92	0.99	303.76	286	257.60	356	143.38	614
349	gesamt	223.89	0.00	228.71	378	178.13	496	275.28	308
350	wohl	223.34	0.09	202.73	440	360.50	236	152.32	563
351	Minute	223.03	1.00	188.07	479	361.39	233	163.11	534
352	Gebäude	222.71	1.00	155.43	604	167.42	535	424.17	203
353	Februar	221.64	1.00	128.12	743	217.86	415	389.76	221
354	übernehmen	221.55	0.00	194.96	459	168.98	531	329.88	263
355	Betrieb	220.55	1.00	225.15	382	168.75	532	282.17	304
356	innerhalb	220.26	0.00	275.11	312	143.75	618	270.01	309
357	eigentlich	218.98	0.00	237.59	366	297.55	287	148.42	588
358	hinter	218.89	0.00	175.19	528	267.19	338	223.90	380
359	Erfolg	218.08	1.00	190.74	471	218.31	414	248.90	341
360	einzeln	217.71	0.00	307.76	283	126.34	714	265.19	316
361	Schüler	217.47	1.00	498.49	175	136.16	663	151.41	572
362	entsprechen	217.14	0.00	256.68	340	149.78	588	266.11	314
363	Aufgabe	216.86	1.00	367.71	234	150.45	586	184.21	472
364	letzter	215.78	0.06	135.23	700	225.23	402	329.65	264
365	Kirche	215.77	1.00	200.73	445	82.59	1102	605.39	123
366	ehemalig	215.63	0.00	129.90	738	246.66	374	312.68	276
367	fahren	215.43	0.06	211.17	418	298.89	284	158.29	549
368	offen	214.33	0.00	243.36	354	253.58	363	159.44	547
369	Angabe	214.02	1.00	170.75	538	382.38	215	150.03	583
370	sicher	213.93	0.00	350.39	246	283.71	303	98.41	917
371	Angebot	213.89	1.00	534.69	161	229.02	395	79.83	1133
372	Wasser	213.59	1.00	221.60	392	194.65	461	225.73	376
373	jeweils	213.28	0.00	205.17	434	152.68	577	309.46	279
374	Buch	213.05	1.00	222.27	390	139.96	638	310.61	278
375	Höhe	212.92	1.00	201.40	442	199.78	455	239.73	355
376	helfen	212.40	0.01	370.37	233	267.64	337	96.58	930
377	berichten	211.73	0.00	170.09	541	433.27	194	128.70	697
378	hinaus	210.75	0.00	299.54	289	144.20	616	216.56	399
379	anders	210.46	0.18	234.70	370	297.78	286	133.28	662
380	München	209.32	1.00	188.07	477	225.01	403	216.56	400
381	Richtung	208.14	1.00	154.54	612	259.61	353	224.59	379
382	richtig	207.45	0.00	411.45	207	335.05	259	64.69	1396
383	Polizei	206.96	1.00	104.36	908	780.38	108	108.74	815
384	Geld	206.91	1.00	217.60	399	301.57	283	134.89	651
385	Mitte	204.89	1.00	119.90	797	210.27	430	340.89	249
386	anschließend	204.77	0.00	197.84	451	146.43	603	296.16	291
387	starten	203.92	0.00	208.28	424	282.82	307	143.84	613
388	erstmals	203.86	0.00	123.24	775	187.73	474	365.90	235
389	USA	203.13	1.00	132.78	718	298.22	285	211.51	409
390	all	201.85	0.15	272.45	315	173.00	515	174.35	506
391	einigen	201.49	0.00	168.09	547	218.98	412	222.06	385
392	entscheiden	201.42	0.00	222.93	386	226.79	401	161.50	540
393	Wert	201.39	0.90	241.14	358	211.39	428	160.12	544
394	Verfügung	201.15	1.00	385.69	225	138.84	644	151.86	567
395	einsetzen	200.04	0.01	222.93	385	143.08	622	250.74	339
396	gehören	200.03	0.00	211.17	416	156.92	564	241.33	351
397	Fahrzeug	198.92	1.00	159.21	585	245.54	377	201.19	431
398	aktiv	197.84	0.01	232.48	371	144.65	611	230.09	367
399	ermöglichen	196.64	0.00	330.40	259	144.42	614	159.21	548
400	zählen	196.30	0.01	189.40	474	169.87	528	234.91	359
401	kaum	196.16	0.00	184.52	491	254.92	361	160.35	542
402	beispielsweise	195.23	0.00	316.41	273	145.09	608	161.96	537
403	sogenannt	194.87	0.00	204.95	436	205.59	444	175.49	502
404	Gesellschaft	194.85	1.00	225.15	380	144.42	612	227.34	374
405	Regel	194.60	1.00	280.67	304	134.38	669	195.22	443
406	Saison	194.45	1.00	62.17	1524	295.77	288	399.39	215
407	bilden	194.28	0.00	181.63	500	112.50	809	358.56	239
408	damals	193.05	0.00	119.68	799	270.77	330	221.83	386
409	dadurch	192.72	0.00	206.06	431	137.06	655	253.26	334
410	Wahl	192.57	1.00	157.21	595	250.45	368	181.23	484
411	Vater	191.99	1.00	113.91	837	145.54	604	426.46	202
412	of	191.96	0.00	133.67	709	141.30	630	374.16	232
413	sozial	191.83	0.00	271.78	317	171.66	520	151.18	575
414	trotz	191.62	0.45	136.11	695	283.94	302	181.92	480
415	Leistung	191.55	1.00	284.00	297	176.12	503	140.39	628
416	planen	191.50	0.00	178.97	509	277.91	317	141.08	623
417	Eltern	190.69	1.00	290.66	292	159.38	554	149.57	584
418	ebenso	190.23	0.00	217.16	401	153.58	574	206.23	418
419	europäisch	189.82	0.00	208.28	423	207.59	439	158.06	550
420	welch	189.66	0.00	355.72	242	182.37	483	105.07	854
421	Hand	189.61	1.00	210.28	421	200.01	453	161.96	538
422	Programm	188.78	1.00	317.97	271	188.84	472	111.95	792
423	Staat	187.17	1.00	121.90	783	204.25	445	263.13	319
424	klar	186.66	0.00	207.17	428	374.56	221	83.73	1066
425	gleichzeitig	186.63	0.00	192.51	465	164.51	542	205.09	420
426	somit	186.24	0.23	223.38	384	111.16	823	259.91	325
427	eher	186.08	0.00	189.40	473	216.30	418	157.14	552
428	derzeit	185.98	0.00	211.17	417	379.03	216	80.29	1127
429	Partei	185.96	1.00	94.37	1024	338.40	257	201.19	430
430	erscheinen	185.82	0.05	131.45	728	107.15	853	455.14	183
431	Alter	185.76	1.00	160.76	575	149.33	590	266.80	313
432	knapp	185.47	0.08	158.10	592	288.62	295	139.71	631
433	lernen	185.39	0.20	430.99	195	139.96	639	105.53	849
434	The	185.20	0.64	92.59	1046	191.52	465	357.87	240
435	bedeuten	184.54	0.00	216.72	402	186.84	478	155.08	558
436	zuvor	184.19	0.00	105.47	903	274.78	323	215.41	402
437	Mutter	183.92	1.00	146.33	648	165.63	541	256.47	328
438	erfahren	182.81	0.05	272.89	314	149.78	587	149.34	585
439	nie	182.55	0.00	151.44	624	246.44	375	162.88	535
440	Werk	181.96	1.00	119.02	806	115.18	787	439.08	193
441	meinen	181.48	0.00	264.68	328	282.60	309	79.83	1135
442	System	180.40	1.00	254.24	342	126.34	712	182.60	479
443	Hilfe	180.19	1.00	264.46	329	146.66	602	150.72	578
444	Wort	179.18	1.00	164.98	559	191.75	463	181.69	482
445	Tier	179.12	1.00	193.62	462	170.09	527	174.35	507
446	Beginn	178.97	1.00	147.66	638	168.08	533	230.78	365
447	de	178.68	0.10	79.49	1214	147.33	599	486.56	166
448	Titel	178.30	1.00	123.68	769	131.48	687	348.23	246
449	persönlich	177.26	0.00	310.64	278	147.33	600	121.58	732
450	regelmäßig	177.12	0.00	260.24	336	120.76	751	176.64	498
451	erhöhen	176.51	0.00	194.96	460	191.08	466	147.51	589
452	Universität	176.29	1.00	271.78	316	79.02	1143	254.87	332
453	Lage	175.18	1.00	151.88	621	208.04	436	169.99	522
454	bezeichnen	175.17	0.00	101.70	940	133.04	680	396.87	218
455	Sohn	174.77	1.00	73.50	1308	130.58	694	555.61	136
456	Unterstützung	174.70	1.00	231.59	372	207.59	438	110.80	799
457	sterben	174.67	0.03	71.72	1344	157.37	562	471.65	174
458	Gebiet	173.99	1.00	124.79	762	112.28	811	375.53	231
459	Tod	173.26	1.00	82.38	1172	137.73	651	457.89	180
460	kennen	172.83	0.02	270.23	320	189.96	470	100.48	900
461	enthalten	172.74	0.00	242.03	357	82.15	1108	259.00	327
462	gering	171.67	0.00	171.42	536	133.49	677	220.92	390
463	Sommer	171.11	1.00	123.90	768	230.81	393	175.03	504
464	schön	170.89	0.04	346.17	249	214.96	422	66.99	1344
465	voll	170.38	0.00	199.40	447	243.31	381	101.85	890
466	dienen	170.06	0.00	192.51	466	77.68	1167	328.51	265
467	erwarten	169.95	0.01	204.28	437	332.15	262	72.26	1259
468	Entscheidung	169.91	1.00	191.18	469	247.77	370	103.46	875
469	fallen	169.75	0.00	122.35	780	205.81	443	194.08	447
470	Mannschaft	169.54	1.00	66.61	1441	235.27	388	310.61	277
471	ähnlich	168.88	0.00	145.66	650	174.78	509	189.03	459
472	verlassen	168.65	0.04	103.25	922	173.22	514	267.94	312
473	wirken	167.68	0.08	167.87	549	144.42	613	194.30	446
474	paar	167.34	0.38	181.86	498	235.27	389	109.43	810
475	mindestens	167.24	0.00	186.52	484	166.75	540	150.26	581
476	betragen	167.12	0.00	134.78	702	98.89	933	349.84	245
477	Spieler	167.10	1.00	73.50	1307	244.65	379	259.23	326
478	Auto	166.84	1.00	176.53	523	368.31	228	71.34	1272
479	Freund	166.78	1.00	160.09	578	159.16	558	181.92	481
480	Zukunft	166.67	1.00	275.78	309	253.80	362	66.07	1366
481	Veranstaltung	166.56	1.00	307.09	284	151.34	582	99.33	907
482	dennoch	166.40	0.00	148.33	635	214.07	425	144.98	607
483	tatsächlich	166.39	0.00	179.86	504	197.77	458	129.38	693
484	Kunde	166.28	1.00	456.75	186	182.59	482	55.06	1606
485	Regierung	165.78	1.00	81.71	1181	266.52	340	208.99	411
486	erkennen	165.59	0.02	196.29	455	122.55	740	188.57	462
487	wählen	165.27	0.05	144.33	657	133.93	674	233.30	362
488	acht	165.22	0.09	109.02	881	190.63	467	216.79	398
489	dritter	165.17	0.22	132.34	722	156.25	568	217.70	397
490	Produkt	165.09	1.00	370.82	231	137.95	650	87.86	1023
491	Interesse	164.89	1.00	234.70	369	137.50	653	138.79	635
492	brauchen	164.71	0.01	296.65	291	345.10	250	43.59	1962
493	Idee	164.28	1.00	248.69	348	166.97	538	106.67	837
494	Band	163.65	1.00	92.82	1041	96.43	957	489.09	164
495	Markt	163.61	1.00	195.84	456	180.36	487	123.88	722
496	rot	163.11	0.11	111.47	861	169.87	529	228.94	372
497	Bedeutung	162.58	1.00	188.52	476	97.32	944	233.99	361
498	entsprechend	162.49	0.00	269.34	323	130.14	697	122.27	727
499	Musik	162.32	1.00	174.31	529	131.92	684	185.82	471
500	aufnehmen	161.96	0.00	146.33	649	126.57	711	229.17	370
501	zuletzt	161.52	0.00	119.68	798	320.10	269	109.88	807
502	Weise	161.50	0.77	205.84	432	117.41	772	174.12	508
503	gar	160.00	0.00	222.49	388	275.45	321	66.76	1345
504	technisch	159.86	0.00	245.14	351	114.29	796	145.67	604
505	Zug	158.82	1.00	100.36	966	174.33	511	228.71	373
506	verkaufen	158.35	0.01	127.23	750	138.40	647	225.27	378
507	besuchen	157.99	0.00	176.08	525	108.49	844	206.23	419
508	ja	157.90	0.19	325.30	264	358.27	238	33.72	2450
509	Blick	157.75	1.00	248.02	349	253.35	364	62.40	1446
510	offiziell	157.18	0.00	100.59	956	176.79	500	218.16	395
511	weltweit	157.18	0.00	200.73	446	143.53	620	134.66	653
512	gründen	156.69	0.00	118.57	812	72.77	1261	445.27	189
513	entfernen	156.07	0.03	163.43	569	136.16	665	170.68	520
514	besonder	155.48	0.00	247.36	350	131.03	693	115.85	769
515	modern	154.63	0.04	230.48	376	94.65	973	169.30	523
516	historisch	153.94	0.00	137.89	688	109.82	832	240.64	353
517	vergangen	153.23	0.00	215.61	407	636.62	135	26.15	2998
518	gegeben	152.65	0.00	128.56	742	239.07	385	115.62	772
519	beteiligen	152.64	0.00	170.09	542	122.55	741	170.45	521
520	tief	151.62	0.03	110.36	873	175.23	508	180.08	491
521	positiv	151.62	0.05	191.18	470	191.75	464	94.97	946
522	Studie	151.49	1.00	186.30	487	141.08	632	132.14	669
523	per	151.18	0.00	264.90	327	156.48	567	83.27	1070
524	inzwischen	151.16	0.00	126.57	752	186.84	477	145.90	600
525	sieben	150.60	0.00	93.48	1032	176.79	499	206.46	417
526	zentral	150.60	0.00	218.05	398	106.25	861	147.28	591
527	Krieg	149.81	1.00	65.06	1468	210.50	429	245.23	344
528	glauben	149.70	0.22	131.67	726	215.85	419	117.91	757
529	Vergleich	149.59	1.00	169.20	544	182.15	484	108.51	817
530	Beitrag	149.46	1.00	250.25	346	101.57	906	131.22	681
531	eröffnen	149.18	0.00	128.79	740	133.49	678	192.93	448
532	obwohl	148.93	0.00	99.70	970	155.81	569	212.43	407
533	scheinen	148.59	0.00	128.12	744	224.34	405	114.01	782
534	verfügen	148.48	0.00	178.52	513	89.51	1027	204.63	422
535	allein	148.29	0.00	152.77	619	170.54	525	125.02	716
536	Amt	148.22	1.00	90.15	1077	129.24	700	279.18	305
537	Maßnahme	148.08	1.00	256.02	341	163.40	545	77.54	1169
538	Präsident	148.06	1.00	72.61	1325	293.98	290	151.86	569
539	Besucher	147.99	1.00	198.06	448	187.50	475	87.17	1035
540	Situation	147.61	1.00	158.32	590	194.42	462	104.38	864
541	fordern	147.05	0.01	122.13	781	271.21	329	95.89	937
542	daran	146.30	0.00	168.98	545	197.77	457	93.60	962
543	Firma	146.13	1.00	151.44	625	136.16	664	151.18	574
544	verstehen	146.05	0.03	196.95	452	136.39	661	115.85	770
545	Kilometer	145.96	1.00	94.81	1018	171.43	521	191.09	452
546	Erfahrung	145.54	1.00	283.11	300	138.62	645	78.46	1154
547	Gast	145.45	1.00	216.05	403	264.96	342	53.68	1640
548	gefunden	145.27	0.00	127.01	751	160.72	552	150.03	582
549	feilbieten	145.15	0.00	413.89	205	141.08	631	52.30	1677
550	teilweise	144.98	0.08	118.57	810	106.48	856	241.10	352
551	Schritt	144.96	1.00	219.60	394	204.02	446	67.90	1322
552	Modell	144.88	1.00	183.19	496	115.85	784	143.15	616
553	wirklich	144.84	0.00	240.03	360	247.10	372	51.16	1714
554	benötigen	144.31	0.00	260.68	334	109.60	835	105.07	858
555	notwendig	143.27	0.00	230.48	375	118.98	764	107.13	833
556	erleben	143.13	0.07	203.39	439	169.20	530	85.11	1053
557	Stand	143.00	1.00	138.78	684	107.82	847	195.22	442
558	selten	142.73	0.00	139.67	680	116.97	776	177.79	495
559	Wohnung	142.39	1.00	149.66	632	179.47	491	107.36	830
560	heutig	141.71	0.00	108.36	883	85.72	1067	306.02	283
561	bald	141.61	0.00	100.36	961	163.17	546	173.20	514
562	Politik	141.31	1.00	144.55	654	176.34	501	110.57	802
563	Kraft	141.18	0.99	137.67	690	156.70	566	130.30	688
564	mittlerweile	141.10	0.00	142.33	666	195.32	460	100.94	897
565	Gespräch	141.05	1.00	176.30	524	244.87	378	64.92	1389
566	lediglich	140.23	0.00	116.13	820	121.65	747	194.99	444
567	Grenze	140.13	1.00	126.34	753	149.11	592	145.90	601
568	gelingen	139.16	0.03	166.53	555	122.32	743	132.14	670
569	darin	138.97	0.00	126.12	755	139.96	637	151.86	568
570	tätig	138.42	0.00	127.68	747	70.76	1296	293.18	295
571	bevor	138.41	0.00	123.68	770	148.89	593	143.84	611
572	Bayern	138.39	1.00	164.54	562	260.72	350	61.71	1458
573	erzielen	137.90	0.00	99.25	974	133.93	675	197.06	438
574	darunter	137.87	0.00	81.49	1184	178.13	495	180.31	489
575	fehlen	137.79	0.00	120.35	794	202.68	449	107.13	834
576	digital	137.35	0.00	355.49	243	145.54	606	50.01	1747
577	verlieren	136.89	0.01	83.93	1154	166.97	539	182.83	478
578	dagegen	136.70	0.00	113.91	835	167.19	537	133.97	655
579	umfassen	136.51	0.00	152.32	620	68.08	1351	245.00	345
580	privat	136.30	0.00	179.41	507	113.17	800	124.57	718
581	öffnen	136.23	0.05	151.21	626	158.26	559	105.53	848
582	schwarz	136.12	0.18	94.59	1022	130.58	695	203.94	424
583	erzählen	135.58	0.02	134.56	704	190.63	468	97.04	926
584	wachsen	135.56	0.00	115.91	823	116.97	777	183.52	475
585	entdecken	135.43	0.07	172.97	530	129.47	699	110.80	801
586	ursprünglich	135.32	0.00	75.94	1271	85.94	1066	379.20	229
587	verbessern	135.17	0.00	205.61	433	128.80	705	93.14	968
588	ergeben	134.97	0.00	139.44	682	109.82	833	160.35	543
589	präsentieren	134.92	0.00	198.06	449	161.16	551	76.85	1179
590	Bevölkerung	134.71	1.00	92.37	1047	131.70	685	200.73	432
591	Zusammenarbeit	134.42	1.00	200.95	444	137.06	654	88.09	1020
592	Hamburg	134.23	1.00	180.52	503	120.76	750	110.80	800
593	stammen	134.19	0.00	81.27	1189	100.90	915	294.32	293
594	Tor	134.06	1.00	50.63	1845	227.91	399	208.53	413
595	Stimme	133.75	1.00	95.04	1016	175.67	505	143.15	615
596	Funktion	133.64	1.00	181.63	499	79.91	1129	164.25	528
597	komplett	133.41	0.00	159.65	582	145.54	605	102.08	888
598	Lösung	133.34	1.00	229.37	377	153.58	575	67.22	1339
599	Reihe	133.09	1.00	112.58	851	103.13	885	202.79	426
600	bestätigen	132.38	0.01	104.14	911	203.35	448	109.43	811
601	sofort	132.04	0.00	188.07	478	154.47	572	79.14	1146
602	speziell	131.96	0.00	216.05	404	95.09	970	111.72	794
603	Landkreis	131.24	1.00	189.18	475	143.31	621	83.27	1073
604	beschäftigen	131.23	0.01	152.99	618	109.38	838	134.89	652
605	schlagen	131.14	0.01	90.15	1079	190.41	469	131.22	682
606	Klasse	130.99	1.00	219.60	395	72.10	1275	141.77	620
607	Verbindung	130.82	1.00	133.89	707	94.42	977	176.87	496
608	finanziell	130.66	0.00	131.45	729	148.66	594	114.01	783
609	wobei	130.16	0.00	85.71	1130	83.71	1088	306.94	282
610	GmbH	130.16	1.00	224.71	383	74.56	1227	131.45	676
611	Stück	130.16	1.00	102.81	928	122.55	738	174.81	505
612	oben	130.08	0.00	146.55	647	117.41	771	127.78	699
613	Sprache	130.02	1.00	159.65	581	67.19	1367	204.63	421
614	Österreich	129.68	1.00	49.52	1880	291.30	293	150.95	577
615	folgend	129.53	0.00	155.43	605	43.53	2039	320.71	272
616	verbunden	129.38	0.00	148.10	636	76.79	1184	190.18	455
617	besitzen	129.30	0.00	110.80	867	57.81	1588	336.99	254
618	Herr	129.27	1.00	218.71	396	91.30	1000	108.05	823
619	Prozess	128.85	1.00	151.66	623	134.38	668	104.84	860
620	feiern	128.79	0.00	117.02	817	220.76	410	82.59	1087
621	jährlich	128.46	0.00	154.10	613	84.82	1077	161.96	539
622	teilen	128.37	0.00	69.06	1388	320.54	268	95.43	938
623	breit	128.27	0.00	119.24	803	91.97	992	192.24	449
624	Kreis	128.21	1.00	109.69	877	149.11	591	128.70	696
625	Nacht	128.12	1.00	90.59	1071	222.10	408	104.38	863
626	Nähe	127.75	1.00	125.46	759	121.21	749	136.95	643
627	warum	127.62	0.00	210.94	419	266.30	341	36.93	2265
628	Frankfurt	127.51	1.00	122.35	779	139.74	640	121.12	735
629	Standort	127.23	1.00	157.87	594	123.22	732	105.75	845
630	Tochter	126.90	1.00	55.29	1702	113.84	797	324.15	270
631	sichern	126.82	0.03	140.55	677	134.16	671	108.05	824
632	Ausbildung	126.65	1.00	240.92	359	60.27	1523	139.71	630
633	liefern	126.58	0.00	158.32	591	138.40	646	92.45	974
634	Text	126.32	1.00	154.10	614	69.87	1314	186.96	465
635	kaufen	126.18	0.04	183.63	493	126.34	713	86.48	1041
636	Bau	126.17	1.00	88.60	1092	75.23	1214	300.98	288
637	Organisation	125.80	1.00	160.54	577	97.10	952	127.55	701
638	Fläche	125.58	1.00	107.91	889	85.27	1072	214.95	404
639	Plan	125.56	1.00	75.72	1276	185.05	481	141.08	624
640	Bürger	125.45	1.00	154.99	608	136.61	658	93.14	967
641	Auge	125.11	1.00	130.34	735	127.01	709	118.14	751
642	Anlage	125.07	1.00	154.77	609	74.78	1226	168.84	524
643	Media	125.04	1.00	178.75	510	150.67	584	72.49	1250
644	Museum	124.88	1.00	129.67	739	76.56	1190	195.91	440
645	Wirtschaft	124.80	1.00	165.65	558	141.52	629	82.81	1084
646	wirtschaftlich	124.53	0.00	136.34	694	96.21	958	147.05	592
647	verhindern	124.26	0.00	100.81	953	156.92	565	121.12	737
648	schlecht	124.06	0.00	110.58	871	159.60	553	108.05	825
649	dauern	123.95	0.00	127.45	749	111.39	819	133.97	657
650	vorhanden	123.93	0.00	177.41	519	54.69	1670	195.91	441
651	erster	123.64	0.50	97.26	991	111.61	816	173.89	510
652	Einrichtung	123.49	1.00	221.82	391	72.32	1271	117.23	760
653	Gesetz	123.49	1.00	124.35	765	121.65	748	124.34	719
654	lesen	123.10	0.22	207.61	427	132.15	683	67.90	1323
655	betroffen	122.90	0.00	139.22	683	219.87	411	60.56	1482
656	Chance	122.81	1.00	185.41	489	231.26	392	43.13	1980
657	leisten	122.49	0.01	156.10	600	133.49	676	88.09	1022
658	französisch	122.48	0.11	72.83	1323	99.56	927	253.03	335
659	Gerät	122.43	1.00	250.91	345	106.48	859	68.59	1313
660	Hälfte	122.22	1.00	83.27	1158	116.97	775	187.19	463
661	früher	121.71	0.00	102.36	933	138.17	648	127.32	703
662	verändern	121.67	0.00	155.65	603	101.57	908	113.78	786
663	link	121.52	0.38	147.44	642	95.32	967	127.55	702
664	zuständig	121.24	0.00	183.41	495	109.60	834	88.55	1016
665	bauen	121.12	0.10	131.67	725	107.59	850	125.25	715
666	vielleicht	121.04	0.00	208.94	422	218.53	413	38.77	2171
667	Frankreich	120.86	1.00	70.61	1355	136.39	659	183.06	477
668	Linie	120.71	1.00	93.93	1029	98.22	940	190.40	454
669	laden	120.57	0.22	215.16	408	150.90	583	53.91	1637
670	Vertrag	120.49	1.00	103.70	915	110.27	827	152.78	562
671	verloren	120.42	0.00	75.94	1268	157.15	563	146.13	597
672	vollständig	120.36	0.00	117.91	815	78.13	1156	189.03	457
673	informieren	120.02	0.04	289.33	294	142.86	623	41.75	2036
674	Zeitpunkt	119.83	1.00	96.59	995	104.24	873	170.68	519
675	Kontakt	119.78	1.00	183.85	492	90.63	1012	103.00	882
676	reichen	119.70	0.00	115.02	831	123.66	728	120.44	742
677	gebracht	119.70	0.00	87.49	1110	207.15	440	94.51	947
678	Sinn	119.55	1.00	178.52	512	87.73	1052	108.97	814
679	jeweilig	119.36	0.00	217.60	400	59.15	1553	131.91	671
680	verletzen	119.21	0.00	57.07	1658	356.93	241	83.04	1082
681	Schaden	119.19	0.86	123.68	772	170.76	524	80.06	1131
682	reich	119.04	0.43	107.91	890	78.13	1157	199.81	434
683	erweitern	118.89	0.01	143.89	660	71.21	1292	163.79	532
684	eng	118.66	0.00	112.58	854	125.45	717	118.14	752
685	richten	118.24	0.01	170.75	539	101.57	907	95.20	942
686	Patient	117.94	1.00	261.57	332	81.25	1118	77.08	1175
687	enden	117.77	0.00	75.50	1281	109.38	836	197.52	436
688	Verfahren	117.71	0.96	159.21	584	99.11	930	103.23	878
689	national	117.66	0.21	98.81	981	88.17	1047	186.73	466
690	Bad	117.64	1.00	144.55	655	155.14	570	72.49	1251
691	Teilnehmer	117.54	1.00	201.17	443	99.56	924	80.98	1113
692	Sieg	117.16	1.00	50.85	1837	240.63	383	131.22	680
693	Ausstellung	117.06	1.00	141.00	672	82.81	1098	137.18	642
694	lösen	117.05	0.03	112.13	856	113.40	799	125.94	712
695	Bericht	117.02	1.00	88.15	1102	170.54	526	106.44	841
696	erinnern	116.20	0.02	91.26	1066	164.51	543	104.38	866
697	schützen	115.94	0.00	150.55	631	115.85	783	89.24	1009
698	A	115.90	0.63	106.80	897	72.77	1259	200.04	433
699	bitten	115.80	0.00	221.38	393	102.46	893	68.36	1318
700	bislang	115.73	0.00	98.37	985	208.49	434	75.47	1194
701	Zusammenhang	115.62	1.00	142.55	663	89.73	1022	120.67	740
702	trotzdem	115.44	0.00	121.90	782	187.50	476	67.22	1340
703	Sicherheit	115.41	1.00	180.52	502	153.80	573	55.29	1600
704	Dienst	115.37	1.00	144.77	653	75.45	1210	140.39	627
705	ändern	115.36	0.01	115.69	826	132.82	681	99.79	905
706	Gericht	115.22	1.00	96.37	1001	179.02	492	88.55	1015
707	Artikel	114.88	1.00	186.52	485	68.31	1341	118.83	748
708	Essen	114.50	0.66	175.42	527	139.51	642	61.25	1466
709	wechseln	114.41	0.00	83.93	1153	111.61	817	159.66	546
710	sitzen	114.28	0.00	100.81	954	172.33	517	85.80	1047
711	leiten	114.23	0.00	93.93	1030	83.93	1085	188.80	461
712	Wald	114.08	1.00	155.65	602	79.69	1133	119.52	744
713	organisieren	113.91	0.01	137.89	689	96.21	959	111.26	796
714	Kopf	113.81	1.00	90.59	1073	129.02	704	125.94	710
715	Boden	113.28	1.00	96.37	1000	103.57	882	145.44	606
716	Bank	113.23	1.00	126.34	754	139.74	641	82.13	1095
717	schwierig	113.03	0.00	112.80	848	175.23	507	72.95	1243
718	Inhalt	112.74	1.00	239.59	362	77.01	1182	77.54	1170
719	Kunst	112.64	1.00	118.79	808	76.56	1187	156.91	553
720	belieben	112.59	0.04	140.33	678	137.06	657	74.10	1221
721	Zentrum	112.51	1.00	120.57	791	83.48	1093	141.31	621
722	Anteil	112.46	1.00	113.69	838	90.63	1010	137.87	641
723	durchgeführt	112.44	0.00	156.32	597	69.20	1325	131.22	679
724	Abend	112.34	1.00	118.57	811	198.67	456	60.10	1494
725	Milliarde	112.32	1.00	99.03	976	244.20	380	58.50	1518
726	Arzt	112.06	1.00	215.83	406	83.71	1092	77.77	1165
727	allgemein	111.76	0.00	146.99	645	62.72	1471	151.18	576
728	Reise	111.73	1.00	140.11	679	106.48	858	93.37	965
729	melden	111.32	0.00	101.47	942	213.62	426	63.54	1424
730	beenden	111.29	0.01	56.62	1666	123.22	733	197.29	437
731	Runde	111.28	1.00	79.71	1210	125.00	721	138.10	638
732	dein	111.26	0.00	521.36	166	117.19	774	22.48	3399
733	Bürgermeister	111.09	1.00	63.06	1512	179.92	489	120.67	739
734	vertreten	111.09	0.01	113.91	836	82.37	1104	145.90	602
735	Berliner	111.02	1.00	119.90	796	129.02	703	88.32	1018
736	Schweiz	110.97	1.00	59.95	1577	173.44	513	131.22	678
737	Serie	110.88	1.00	60.40	1567	125.00	720	180.31	488
738	darstellen	110.77	0.00	121.46	785	63.17	1462	176.87	497
739	lokal	110.56	0.18	111.47	860	88.40	1044	136.95	645
740	Kampf	110.46	1.00	58.40	1622	133.93	673	172.05	517
741	vorstellen	110.37	0.00	184.96	490	124.56	723	58.27	1524
742	Besuch	110.36	1.00	172.09	531	112.95	802	69.05	1307
743	Hinweis	110.32	1.00	144.33	656	131.03	692	70.89	1281
744	Untersuchung	109.83	1.00	112.58	853	83.71	1089	140.39	629
745	Krankenhaus	109.80	1.00	100.36	965	176.12	502	74.79	1208
746	unabhängig	109.68	0.00	136.34	693	89.06	1035	108.51	820
747	Lauf	109.47	1.00	77.49	1244	90.40	1016	186.96	464
748	wesentlich	109.46	0.00	150.99	630	64.73	1433	133.97	656
749	hingegen	109.23	0.00	91.48	1060	133.93	672	106.21	842
750	geboren	109.17	0.00	67.72	1417	73.66	1242	260.37	323
751	begleiten	109.15	0.01	156.54	596	94.42	978	87.86	1025
752	Hotel	109.10	1.00	182.52	497	82.37	1105	86.26	1043
753	angeboten	108.95	0.00	160.54	576	77.23	1174	104.15	868
754	Strecke	108.83	1.00	60.62	1565	95.32	966	222.75	381
755	Kultur	108.70	1.00	156.10	598	67.19	1366	122.27	726
756	Thoma	108.69	1.00	84.16	1146	161.61	549	94.28	952
757	einstellen	108.32	0.01	91.93	1055	95.98	960	143.84	612
758	kommend	108.22	0.00	133.45	710	303.80	279	31.20	2616
759	überzeugen	108.20	0.01	138.33	687	142.86	625	64.00	1413
760	täglich	108.13	0.00	167.42	550	97.55	943	77.31	1171
761	Gefahr	108.02	1.00	119.46	801	142.19	626	74.10	1217
762	Michael	107.63	1.00	81.49	1183	151.34	581	100.94	895
763	Konzept	107.55	1.00	163.87	566	82.81	1099	91.53	984
764	warten	107.28	0.01	131.45	727	181.70	485	51.62	1704
765	geführt	107.12	0.00	87.93	1104	104.91	868	133.05	663
766	Mittel	107.08	0.99	139.44	681	90.40	1015	97.27	925
767	russisch	107.06	0.00	31.75	2676	362.29	230	106.44	840
768	bestehend	107.04	0.00	135.67	699	76.12	1197	118.60	749
769	heraus	106.98	0.00	89.26	1086	90.18	1018	151.86	566
770	Behörde	106.92	1.00	103.25	923	151.57	579	78.00	1160
771	holen	106.65	0.02	92.82	1043	177.24	498	73.64	1227
772	überhaupt	106.32	0.00	120.57	790	162.50	548	61.25	1464
773	Schutz	106.29	1.00	147.88	637	97.10	949	83.50	1069
774	weisen	105.74	0.00	69.72	1371	107.59	849	157.37	551
775	Partner	105.57	1.00	186.52	486	111.61	814	56.43	1575
776	wissenschaftlich	105.52	0.00	160.09	579	41.74	2114	175.49	503
777	Einwohner	105.44	1.00	54.40	1728	50.89	1790	422.56	204
778	errichten	105.43	0.00	52.85	1774	59.15	1556	374.16	233
779	Video	105.41	1.00	130.12	737	179.69	490	50.01	1745
780	englisch	105.37	0.30	99.03	977	60.49	1521	194.99	445
781	indem	105.36	0.00	112.58	850	79.47	1136	130.53	685
782	weiß	104.79	0.26	73.05	1320	103.57	883	151.86	570
783	m	104.59	0.06	83.93	1151	30.13	2762	451.24	186
784	Leipzig	104.56	1.00	112.58	849	89.29	1029	113.55	787
785	Beziehung	104.49	1.00	71.28	1350	114.96	791	139.02	632
786	belegen	104.41	0.00	71.28	1351	74.33	1233	214.49	405
787	gerne	104.34	0.00	283.33	299	145.32	607	27.53	2876
788	New	104.20	1.00	52.85	1764	130.14	696	164.25	527
789	Abschluss	104.18	1.00	133.01	716	94.65	972	89.70	1005
790	Dorf	104.10	1.00	56.84	1661	59.60	1540	332.41	260
791	beid	103.95	0.00	71.50	1348	105.36	866	148.88	586
792	Führung	103.90	1.00	96.81	994	132.37	682	87.40	1029
793	äußern	103.76	0.00	75.27	1285	174.11	512	85.11	1052
794	Produktion	103.67	1.00	85.71	1131	79.69	1132	162.88	536
795	China	103.53	1.00	68.39	1396	178.80	493	90.61	996
796	Hintergrund	103.35	1.00	112.80	846	118.98	762	82.13	1094
797	Start	103.28	1.00	107.25	893	151.57	578	67.67	1327
798	Energie	103.28	1.00	158.98	587	119.20	759	58.04	1529
799	Institut	103.16	1.00	127.45	748	59.60	1541	144.29	608
800	Position	102.97	1.00	75.94	1270	105.36	867	136.27	649
801	dar	102.94	0.00	128.56	741	52.68	1727	160.81	541
802	Köln	102.71	1.00	115.02	830	91.52	997	102.77	885
803	konkret	102.66	0.00	166.76	553	136.39	662	47.49	1833
804	abschließen	102.18	0.00	111.47	859	91.97	991	103.92	870
805	grün	102.13	0.17	96.59	999	116.52	781	94.51	951
806	zuminde	101.86	0.00	95.26	1010	171.21	522	64.69	1391
807	FC	101.62	1.00	39.75	2227	327.24	265	80.52	1122
808	interessieren	101.54	0.01	189.63	472	98.89	935	55.74	1594
809	Grundlage	101.43	1.00	196.29	454	49.33	1833	107.59	829
810	Insel	101.41	1.00	76.16	1264	66.07	1391	206.92	416
811	Menge	101.38	1.00	136.56	692	101.57	905	75.01	1201
812	Angriff	101.25	1.00	38.19	2309	246.88	373	109.88	809
813	produzieren	101.21	0.01	87.04	1116	72.10	1276	164.94	525
814	Sonntag	101.09	1.00	101.70	938	371.22	227	27.30	2911
815	Foto	101.08	1.00	158.98	588	131.48	688	49.32	1761
816	Zeitung	101.07	1.00	62.39	1522	127.24	707	129.84	692
817	niedrig	100.99	0.00	101.03	948	94.42	979	107.82	828
818	fühlen	100.61	0.02	131.01	731	143.98	617	53.91	1636
819	Körper	100.24	1.00	125.01	760	76.56	1188	105.07	855
820	neun	100.23	0.00	61.95	1531	123.44	730	131.45	677
821	Leute	99.81	1.00	115.91	822	161.61	550	52.99	1658
822	fällen	99.69	0.00	105.69	901	111.16	821	84.19	1059
823	Anzahl	99.54	1.00	104.81	905	62.06	1481	151.41	571
824	Mädchen	99.36	1.00	99.03	975	97.32	945	101.63	892
825	grundsätzlich	99.36	0.00	178.30	515	83.71	1090	65.61	1376
826	Karte	99.26	1.00	105.47	904	98.66	936	93.83	959
827	sammeln	99.22	0.06	121.24	786	101.34	912	79.37	1143
828	Stuttgart	99.11	1.00	84.16	1147	104.24	874	110.80	798
829	Ausgabe	99.07	1.00	100.81	952	70.31	1308	136.95	644
830	künftig	98.91	0.00	155.88	601	200.01	454	30.97	2630
831	Druck	98.89	1.00	72.16	1336	135.94	666	98.41	915
832	Version	98.84	1.00	91.48	1061	68.98	1331	152.78	561
833	wohnen	98.84	0.23	123.01	777	97.32	946	80.52	1125
834	sodass	98.73	0.00	103.25	919	73.89	1237	125.94	709
835	Anspruch	98.66	1.00	178.75	511	81.48	1116	65.84	1371
836	Nutzung	98.60	1.00	202.28	441	55.14	1654	85.80	1045
837	Baum	98.56	1.00	90.82	1070	111.39	820	94.51	950
838	bewegen	98.55	0.01	110.80	868	93.53	982	92.22	976
839	erfüllen	98.41	0.00	137.67	691	88.62	1038	78.00	1162
840	erlauben	98.39	0.00	100.59	957	87.50	1057	108.05	826
841	Natur	98.27	1.00	153.66	616	77.90	1159	79.14	1145
842	rufen	98.22	0.00	84.38	1145	140.85	634	79.60	1139
843	völlig	97.96	0.00	80.38	1200	119.20	758	97.96	921
844	Material	97.76	1.00	149.66	633	58.93	1564	105.75	846
845	Künstler	97.68	1.00	85.93	1125	75.89	1204	142.69	617
846	bereit	97.57	0.00	135.67	697	126.79	710	53.91	1630
847	bisherig	97.43	0.00	91.48	1062	122.55	739	82.36	1091
848	Opfer	97.28	1.00	57.95	1633	157.82	561	100.48	899
849	Sache	97.14	1.00	146.99	644	145.09	609	42.90	1990
850	Kritik	96.96	1.00	52.85	1763	167.19	536	103.00	881
851	Begriff	96.82	1.00	106.58	898	48.89	1845	173.89	509
852	Bildung	96.76	1.00	212.94	412	51.56	1766	82.36	1090
853	klassisch	96.72	0.00	134.78	703	68.75	1337	97.50	923
854	Hersteller	96.72	1.00	147.44	640	90.85	1009	67.44	1335
855	zugleich	96.63	0.00	96.81	993	80.81	1121	115.16	776
856	ersetzen	96.37	0.01	76.38	1261	65.63	1409	178.25	494
857	praktisch	96.29	0.00	166.31	556	65.63	1406	81.67	1107
858	erheblich	96.27	0.00	92.37	1050	95.76	963	100.71	898
859	einziger	96.21	0.00	68.17	1408	98.89	934	131.91	674
860	Suche	96.15	1.00	145.00	652	98.44	937	62.17	1451
861	günstig	95.96	0.00	187.41	481	112.73	806	41.75	2037
862	traditionell	95.95	0.00	91.93	1056	89.73	1023	106.90	835
863	Auftrag	95.71	1.00	103.25	920	68.31	1345	124.11	720
864	Änderung	95.58	1.00	134.34	705	79.47	1137	81.67	1106
865	Aktion	95.44	1.00	153.66	617	111.39	818	50.70	1730
866	regional	95.39	0.04	143.66	662	68.31	1348	88.32	1019
867	Einfluss	95.20	1.00	82.16	1177	72.77	1257	144.07	610
868	zwölf	95.18	0.05	62.17	1526	116.52	779	118.83	747
869	Trainer	94.98	1.00	50.18	1860	262.51	347	64.92	1388
870	Jugendlicher	94.73	1.00	159.65	580	97.77	942	54.37	1619
871	Verhalten	94.70	0.68	93.48	1034	91.74	996	98.87	909
872	Bund	94.58	1.00	124.12	766	115.40	786	58.96	1513
873	zunehmen	94.43	0.00	92.82	1040	85.27	1070	106.21	843
874	verfolgen	94.42	0.01	87.93	1107	104.69	872	91.30	991
875	Sitz	94.41	1.00	77.72	1241	69.20	1328	156.22	554
876	gebaut	94.36	0.00	55.96	1683	71.88	1278	208.53	412
877	betont	94.31	0.00	75.27	1284	283.49	305	39.23	2152
878	Peter	94.29	1.00	67.72	1414	106.48	855	116.08	766
879	links	93.69	0.00	75.94	1267	141.97	627	76.16	1184
880	Sicht	93.60	1.00	102.81	927	129.02	702	61.71	1457
881	viert	93.44	0.00	61.51	1543	101.79	901	130.07	691
882	zahlen	93.40	0.00	133.45	712	134.16	670	45.42	1893
883	daraufhin	93.36	0.00	41.97	2135	87.50	1055	221.14	389
884	individuell	93.23	0.00	259.79	337	60.05	1529	51.85	1695
885	einzig	93.08	0.00	56.40	1667	94.42	974	151.18	573
886	erforderlich	93.05	0.00	208.06	425	58.71	1567	65.84	1372
887	passieren	92.99	0.01	115.46	829	176.12	504	39.46	2144
888	falsch	92.87	0.00	90.37	1076	125.23	719	70.66	1289
889	manchmal	92.82	0.00	111.47	858	96.65	954	74.10	1218
890	Geschäft	92.76	1.00	83.27	1162	114.29	794	83.73	1068
891	ausschließlich	92.57	0.00	109.69	876	51.34	1776	140.62	626
892	nahe	92.53	0.18	59.95	1579	123.66	727	106.67	836
893	SPD	92.49	1.00	69.28	1377	227.91	398	50.01	1739
894	Antrag	92.42	1.00	168.98	546	104.24	877	44.73	1917
895	fördern	92.41	0.01	172.09	533	67.64	1356	67.67	1333
896	hinzu	92.38	0.00	82.16	1178	103.13	886	92.91	970
897	Junges	92.35	1.00	95.26	1011	89.06	1034	92.68	972
898	Vorteil	92.16	1.00	179.86	505	79.91	1130	54.37	1620
899	maximal	92.03	0.00	107.25	894	69.20	1327	104.84	861
900	hängen	91.80	0.00	101.03	946	102.23	895	74.79	1209
901	echt	91.78	0.00	134.34	706	134.60	667	42.67	2002
902	umsetzen	91.74	0.01	150.99	629	98.44	938	51.85	1693
903	Zugang	91.73	1.00	120.79	789	72.99	1251	87.40	1030
904	rücken	91.71	0.42	75.05	1288	123.89	726	82.81	1085
905	Wagen	91.67	0.74	59.06	1605	102.46	892	127.09	705
906	Ding	91.62	1.00	130.56	734	123.22	731	47.72	1820
907	Jahrzehnt	91.52	1.00	69.94	1369	109.15	840	100.25	901
908	beobachten	91.50	0.02	85.27	1134	93.31	983	96.12	935
909	Nachricht	91.46	1.00	94.81	1020	127.24	708	63.32	1428
910	Internet	91.45	1.00	244.25	352	75.67	1207	41.29	2048
911	unmittelbar	91.45	0.00	91.93	1054	67.41	1362	123.19	723
912	Forschung	91.23	1.00	161.43	572	42.64	2078	110.11	804
913	staatlich	91.23	0.00	91.48	1063	80.81	1122	102.54	887
914	prägen	91.18	0.00	88.37	1098	62.72	1470	136.49	648
915	Generation	91.11	1.00	90.82	1069	101.79	899	81.67	1105
916	Förderung	91.06	1.00	178.08	517	64.96	1420	65.15	1382
917	Martin	90.79	1.00	65.50	1460	122.77	735	92.91	969
918	Herausforderung	90.63	1.00	196.73	453	146.88	601	25.69	3045
919	Größe	90.61	1.00	118.79	809	51.12	1783	122.27	725
920	Qualität	90.58	1.00	164.54	561	79.24	1140	56.89	1559
921	Vertreter	90.56	1.00	92.82	1042	77.90	1163	102.54	886
922	ermitteln	90.54	0.00	93.48	1036	111.83	813	70.89	1284
923	Verband	90.18	1.00	94.15	1027	74.33	1232	104.61	862
924	Autor	90.02	1.00	78.38	1235	60.72	1514	153.01	560
925	darum	89.88	0.00	123.01	776	141.08	633	41.75	2028
926	engagieren	89.82	0.00	138.56	686	66.74	1375	78.23	1159
927	Bruder	89.64	1.00	41.74	2145	68.31	1346	252.11	336
928	Farbe	89.53	1.00	99.25	973	54.24	1683	133.05	666
929	reduzieren	89.51	0.01	98.59	984	88.17	1046	82.36	1093
930	stets	89.45	0.00	107.47	892	77.90	1160	85.34	1049
931	Wettbewerb	89.42	1.00	115.69	825	61.83	1488	99.79	904
932	Schloss	89.35	1.00	79.71	1211	48.66	1853	183.52	474
933	erstellen	89.00	0.05	191.85	467	54.02	1689	67.90	1325
934	verantwortlich	89.00	0.00	90.59	1072	86.39	1061	89.93	1000
935	britisch	89.00	0.00	40.86	2186	104.69	871	164.48	526
936	Bewegung	88.98	1.00	97.92	988	77.68	1166	92.45	973
937	teilnehmen	88.92	0.02	115.69	827	79.91	1131	75.93	1189
938	Karriere	88.91	1.00	45.30	2005	94.42	975	164.02	529
939	Haushalt	88.88	1.00	85.27	1135	99.56	925	82.59	1089
940	rein	88.76	0.05	95.48	1006	79.69	1135	91.76	983
941	stattfinden	88.47	0.00	94.59	1021	101.79	900	71.80	1266
942	rechts	88.44	0.00	78.38	1231	110.05	829	80.06	1129
943	Unfall	88.43	1.00	59.51	1595	187.95	473	61.71	1459
944	Praxis	88.41	1.00	171.20	537	52.90	1721	76.16	1185
945	Basis	88.37	1.00	115.91	821	56.70	1614	104.84	859
946	Verwaltung	88.33	1.00	118.79	807	58.71	1566	98.64	911
947	Studium	88.33	1.00	211.39	414	29.91	2776	108.74	816
948	Liebe	88.24	1.00	84.16	1149	90.85	1006	89.70	1004
949	werfen	88.13	0.02	66.39	1445	151.57	580	67.90	1324
950	greifen	88.05	0.00	85.93	1126	109.38	837	72.49	1255
951	Umgebung	88.04	1.00	116.57	818	51.56	1768	113.33	788
952	sonst	88.04	0.00	105.92	899	120.32	752	53.45	1644
953	behandeln	87.86	0.00	121.01	788	69.87	1316	80.06	1132
954	gewonnen	87.73	0.00	82.38	1174	106.48	857	76.85	1176
955	untersuchen	87.62	0.00	112.36	855	72.77	1262	82.13	1096
956	geeignet	87.55	0.00	172.09	532	51.56	1770	75.47	1195
957	intensiv	87.54	0.00	124.79	763	84.15	1083	63.77	1419
958	König	87.47	1.00	47.96	1923	60.27	1525	231.01	364
959	Technik	87.40	1.00	150.99	628	60.49	1517	72.95	1241
960	See	87.34	1.00	76.38	1259	61.61	1490	141.31	622
961	Anschluss	87.20	1.00	109.91	875	74.78	1223	80.52	1123
962	annehmen	86.79	0.00	78.60	1229	70.54	1301	117.68	758
963	passen	86.75	0.01	147.22	643	122.10	744	36.25	2298
964	ergänzen	86.75	0.00	116.57	819	71.88	1280	77.77	1167
965	Herbst	86.55	1.00	72.16	1335	100.00	921	89.70	1003
966	möglichst	86.50	0.00	142.11	668	72.32	1268	62.86	1437
967	geschehen	86.40	0.24	73.28	1315	89.29	1033	98.41	919
968	miteinander	86.32	0.21	130.56	733	67.41	1359	72.95	1239
969	außerhalb	86.31	0.00	86.82	1117	65.63	1398	112.64	790
970	relativ	86.06	0.00	78.38	1233	58.48	1570	138.79	633
971	Antwort	85.91	1.00	140.55	676	121.88	745	36.93	2262
972	Risiko	85.37	1.00	147.44	641	107.37	851	39.23	2153
973	Veränderung	85.34	1.00	113.02	844	71.65	1283	76.62	1182
974	Samstag	85.34	1.00	100.36	960	344.88	251	17.89	4086
975	Liste	85.07	1.00	91.70	1059	71.43	1286	93.83	958
976	wiederum	85.06	0.00	64.62	1475	77.46	1169	122.73	724
977	rechnen	85.05	0.02	99.70	971	186.39	479	33.03	2495
978	gestalten	85.03	0.00	170.31	540	63.84	1449	56.43	1579
979	Wien	84.98	1.00	22.87	3385	172.55	516	155.08	557
980	verzichten	84.85	0.00	88.60	1093	95.54	965	72.03	1264
981	verstärken	84.82	0.00	79.94	1206	83.26	1094	91.53	985
982	gelangen	84.80	0.00	33.31	2572	76.79	1183	237.89	357
983	integrieren	84.66	0.01	147.66	639	54.02	1690	75.93	1190
984	Konzert	84.58	1.00	64.39	1485	112.95	804	83.04	1081
985	Schiff	84.47	1.00	40.86	2185	56.47	1625	260.60	322
986	mancher	84.43	0.00	95.26	1012	104.91	869	60.10	1495
987	Initiative	84.33	1.00	121.46	784	85.94	1065	57.35	1543
988	Aussage	84.20	1.00	64.39	1483	114.29	795	80.98	1115
989	unterwegs	84.19	0.00	117.91	814	177.46	497	28.45	2808
990	Feld	84.07	1.00	87.49	1112	64.96	1422	104.38	865
991	Winter	84.02	1.00	73.94	1302	95.09	968	84.19	1060
992	Unterschied	83.85	1.00	103.70	916	70.09	1311	80.98	1116
993	Hochschule	83.85	1.00	231.59	373	34.38	2463	73.87	1224
994	Russland	83.65	1.00	36.86	2369	255.81	358	61.94	1453
995	vermutlich	83.54	0.00	51.29	1821	82.15	1107	138.10	637
996	reagieren	83.53	0.00	74.39	1297	144.42	615	54.14	1629
997	Tätigkeit	83.51	1.00	133.45	711	31.47	2661	138.33	636
998	absolvieren	83.48	0.01	74.39	1298	56.25	1632	138.79	634
999	Fuß	83.47	1.00	76.83	1257	76.79	1185	98.41	916
1000	normal	83.39	0.04	104.81	907	75.00	1221	73.64	1228
1001	stimmen	83.33	0.00	82.82	1166	124.56	724	55.97	1590
1002	kämpfen	83.32	0.00	52.85	1770	153.13	576	71.34	1273
1003	Stiftung	83.25	1.00	146.77	646	48.44	1861	80.98	1112
1004	Aufnahme	82.98	1.00	80.82	1196	57.81	1587	122.04	728
1005	sinken	82.75	0.01	55.07	1712	108.93	842	94.28	956
1006	Engagement	82.48	1.00	155.21	607	70.54	1300	51.16	1711
1007	Montag	82.15	1.00	99.92	969	293.98	289	18.81	3924
1008	umfangreich	82.11	0.00	117.24	816	47.99	1881	98.18	920
1009	nachhaltig	82.10	0.00	175.64	526	100.00	922	31.43	2604
1010	solch	82.04	0.00	95.26	1013	87.28	1059	66.30	1361
1011	wenden	82.02	0.00	102.81	929	60.49	1520	88.55	1017
1012	Anwendung	81.95	1.00	180.75	501	41.52	2121	73.18	1234
1013	Interview	81.87	1.00	79.49	1215	131.70	686	52.30	1681
1014	Satz	81.71	1.00	120.13	795	66.07	1393	68.59	1312
1015	Bewohner	81.64	1.00	62.84	1516	77.68	1165	111.26	795
1016	feststellen	81.62	0.00	88.82	1091	84.82	1078	72.03	1263
1017	diskutieren	81.57	0.01	131.90	723	88.17	1048	46.57	1864
1018	teuer	81.48	0.00	98.14	987	140.18	636	39.23	2157
1019	Kontrolle	81.44	1.00	63.28	1507	119.42	757	71.34	1270
1020	Publikum	81.31	1.00	69.06	1383	117.19	773	66.30	1357
1021	demnach	81.26	0.00	49.52	1885	212.28	427	50.93	1721
1022	her	81.17	0.00	73.94	1301	88.40	1042	81.67	1102
1023	Verhältnis	81.17	1.00	68.17	1405	61.16	1501	128.01	698
1024	Nutzer	80.83	1.00	206.06	430	86.39	1063	29.59	2726
1025	Bahnhof	80.78	1.00	43.08	2092	74.56	1228	163.79	531
1026	Bühne	80.75	1.00	67.06	1430	143.53	619	54.60	1613
1027	Rat	80.67	1.00	92.59	1045	57.37	1597	98.64	913
1028	Kollege	80.60	1.00	115.69	824	102.01	898	44.27	1934
1029	verbreiten	80.51	0.01	65.95	1452	67.64	1358	116.77	761
1030	zerstören	80.50	0.00	38.86	2280	77.23	1177	173.43	513
1031	offenbar	80.40	0.00	46.63	1973	209.83	432	52.99	1657
1032	Freitag	80.36	1.00	103.70	914	362.06	231	13.76	5032
1033	Zuschauer	80.30	1.00	55.51	1695	107.37	852	86.71	1037
1034	medizinisch	80.28	0.00	119.68	800	70.98	1294	60.79	1481
1035	Leiter	80.27	1.00	65.95	1449	75.67	1208	103.46	874
1036	Italien	80.21	1.00	49.52	1881	91.97	990	113.10	789
1037	hierbei	80.08	0.00	125.90	756	39.51	2201	103.00	883
1038	Christian	80.06	1.00	58.62	1614	137.50	652	63.54	1421
1039	Gott	79.99	1.00	100.36	962	38.84	2223	130.99	683
1040	Union	79.71	1.00	70.83	1353	138.84	643	51.39	1706
1041	Soldat	79.68	1.00	30.20	2773	107.59	848	155.31	556
1042	Herz	79.61	1.00	107.03	895	99.56	926	47.26	1838
1043	Experte	79.34	1.00	151.66	622	147.55	598	22.25	3409
1044	Garten	79.33	1.00	103.25	921	68.31	1343	70.66	1288
1045	übrig	79.27	0.00	73.50	1311	58.04	1578	116.54	763
1046	halb	79.24	0.00	65.50	1464	100.45	918	75.47	1196
1047	Bahn	79.13	1.00	61.06	1554	118.08	769	68.59	1311
1048	Lehrer	79.05	1.00	124.57	764	41.07	2137	96.35	931
1049	AG	78.81	1.00	117.91	813	55.58	1640	74.56	1212
1050	kostenlos	78.76	0.00	195.62	457	77.01	1181	32.35	2547
1051	online	78.74	0.29	204.06	438	60.49	1519	39.46	2139
1052	wahrscheinlich	78.65	0.00	46.85	1963	89.29	1030	116.08	768
1053	Grad	78.56	1.00	74.39	1295	144.65	610	44.96	1905
1054	hart	78.52	0.06	61.51	1545	129.69	698	60.56	1483
1055	Park	78.40	1.00	68.17	1404	59.82	1534	117.91	756
1056	begonnen	78.28	0.00	60.84	1560	87.73	1051	89.70	1006
1057	genug	78.26	0.00	86.38	1123	114.96	788	48.17	1797
1058	ständig	78.23	0.00	93.48	1035	61.39	1496	83.27	1074
1059	Norden	78.21	1.00	41.08	2166	72.77	1255	159.66	545
1060	EU	78.19	1.00	101.03	944	154.69	571	30.51	2652
1061	Zustand	78.08	1.00	70.17	1360	67.86	1352	99.79	903
1062	herstellen	78.00	0.01	90.15	1078	49.78	1823	105.53	847
1063	Szene	78.00	1.00	48.41	1915	88.84	1036	110.11	805
1064	nämlich	77.99	0.00	97.26	990	119.87	756	40.60	2084
1065	Planung	77.98	1.00	106.80	896	60.94	1507	72.72	1247
1066	übertragen	77.96	0.02	101.03	945	51.79	1763	90.38	998
1067	bezahlen	77.95	0.04	110.13	874	89.51	1026	47.95	1810
1068	verteilen	77.79	0.02	83.27	1164	67.19	1368	83.96	1065
1069	Ausland	77.75	1.00	92.15	1051	72.77	1253	69.97	1294
1070	Leitung	77.57	1.00	80.82	1194	53.80	1695	107.13	831
1071	Bedingung	77.55	1.00	86.82	1118	75.89	1201	70.66	1286
1072	betreiben	77.54	0.04	72.83	1321	61.61	1491	103.69	871
1073	Süden	77.52	1.00	37.30	2344	81.92	1110	152.09	565
1074	denken	77.47	0.32	93.70	1031	101.34	911	48.86	1776
1075	Fan	77.43	1.00	55.73	1689	285.05	300	29.13	2761
1076	II	77.39	0.99	69.94	1365	52.23	1745	126.63	706
1077	Licht	77.37	0.99	82.16	1176	83.71	1087	67.22	1338
1078	Vertrauen	77.33	0.51	108.58	882	101.79	902	41.75	2034
1079	daraus	77.32	0.00	77.27	1250	68.31	1342	87.40	1032
1080	auftreten	77.21	0.21	76.38	1260	64.73	1432	92.91	971
1081	Meinung	77.01	1.00	83.49	1157	90.85	1007	60.10	1493
1082	los	77.00	0.40	67.50	1422	116.30	782	58.04	1530
1083	freuen	76.91	0.02	252.02	343	260.27	351	6.88	8710
1084	nähern	76.85	0.00	93.26	1038	72.77	1260	66.76	1350
1085	Vergangenheit	76.76	1.00	69.94	1364	101.57	904	63.54	1420
1086	funktionieren	76.71	0.02	164.31	564	125.67	716	21.79	3496
1087	Album	76.61	1.00	31.09	2713	47.77	1884	301.89	286
1088	prüfen	76.54	0.03	144.33	658	99.33	929	31.20	2621
1089	Sport	76.50	1.00	110.80	866	91.07	1002	44.27	1932
1090	Feuerwehr	76.49	1.00	54.18	1733	264.07	344	31.20	2614
1091	Zweiter	76.43	1.00	40.19	2217	61.39	1497	180.54	486
1092	Einführung	76.40	1.00	93.48	1033	54.47	1674	87.40	1028
1093	langsam	76.34	0.00	67.50	1423	78.35	1152	83.96	1063
1094	Gefühl	76.34	1.00	89.26	1087	104.24	876	47.72	1824
1095	Ehe	76.25	0.69	36.86	2375	62.95	1464	190.63	453
1096	betrachten	76.22	0.03	85.93	1127	52.01	1758	98.87	910
1097	Diskussion	76.21	1.00	105.92	900	80.81	1120	51.62	1702
1098	endlich	76.16	0.00	95.04	1014	122.55	737	37.85	2217
1099	Zeitraum	76.13	1.00	92.37	1049	60.94	1504	78.23	1156
1100	Beruf	76.11	1.00	144.11	659	46.21	1948	66.07	1368
1101	Kurs	76.05	1.00	136.11	696	84.15	1082	38.31	2196
1102	Öffentlichkeit	76.05	1.00	72.61	1324	72.99	1250	82.81	1083
1103	westlich	76.05	0.00	29.09	2856	76.79	1186	196.37	439
1104	beziehen	76.03	0.01	72.61	1326	61.39	1498	98.41	918
1105	verbinden	76.03	0.02	103.92	913	58.04	1579	72.72	1248
1106	ausreichend	75.95	0.00	125.68	757	66.52	1381	52.30	1682
1107	verfügbar	75.83	0.00	113.69	839	62.72	1468	61.02	1472
1108	töten	75.61	0.02	26.87	3026	109.82	831	146.13	598
1109	studieren	75.61	0.04	95.48	1008	39.06	2220	115.62	773
1110	beschreiben	75.55	0.01	75.50	1282	54.24	1682	105.07	856
1111	gesetzlich	75.49	0.00	176.97	522	61.83	1489	39.23	2155
1112	weder	75.26	0.00	69.06	1384	85.27	1069	72.26	1257
1113	Voraußetzung	75.24	1.00	178.08	518	50.00	1817	47.72	1826
1114	übernommen	75.05	0.00	64.17	1489	59.82	1532	109.88	806
1115	überraschen	74.98	0.01	58.40	1628	140.18	635	51.39	1708
1116	zeichnen	74.84	0.05	81.49	1188	57.37	1601	89.47	1008
1117	Rennen	74.80	0.90	26.20	3087	131.25	690	121.35	733
1118	zufolgen	74.72	0.00	29.31	2831	268.98	334	52.76	1663
1119	Struktur	74.69	1.00	96.37	1002	43.53	2041	99.10	908
1120	entschieden	74.60	0.00	79.71	1207	108.93	841	47.72	1814
1121	Wochenende	74.58	1.00	78.83	1222	202.46	450	25.92	3025
1122	Netzwerk	74.49	1.00	178.97	508	65.63	1408	35.10	2374
1123	einrichten	74.40	0.03	89.71	1080	46.88	1921	97.73	922
1124	Versuch	74.37	1.00	48.63	1910	73.89	1239	114.24	780
1125	Netz	74.33	1.00	108.14	885	76.12	1194	49.78	1748
1126	Paris	74.29	1.00	35.31	2445	110.05	828	105.30	850
1127	Osten	74.23	1.00	33.31	2567	83.71	1086	146.36	596
1128	Schwerpunkt	74.18	1.00	140.78	674	35.72	2376	80.98	1114
1129	Verlag	74.02	1.00	67.95	1410	19.64	3909	302.81	285
1130	Auswahl	73.99	1.00	154.54	610	51.12	1780	51.16	1710
1131	Behandlung	73.96	1.00	127.68	746	55.81	1637	56.66	1564
1132	Temperatur	73.95	1.00	74.83	1291	94.42	976	57.12	1552
1133	Vorsitzender	73.91	1.00	58.84	1612	54.47	1677	125.71	713
1134	interessant	73.78	0.00	177.41	520	65.18	1418	34.64	2404
1135	fragen	73.78	0.00	100.14	967	112.50	810	35.56	2345
1136	Moment	73.76	1.00	75.72	1273	136.39	660	38.77	2175
1137	Song	73.60	1.00	44.41	2041	75.23	1216	119.06	746
1138	extrem	73.59	0.06	67.95	1411	119.20	760	49.09	1768
1139	erwähnen	73.55	0.00	44.63	2037	39.96	2187	222.52	384
1140	Tür	73.46	1.00	79.71	1212	85.49	1068	58.04	1531
1141	seitdem	73.34	0.00	49.52	1886	64.06	1445	124.11	721
1142	ernst	73.33	0.46	57.29	1653	87.28	1058	78.69	1151
1143	gewiss	73.22	0.00	65.73	1459	79.69	1134	74.79	1211
1144	Angst	73.11	1.00	86.82	1119	105.81	865	42.44	2003
1145	mehrfach	73.08	0.00	42.63	2105	79.02	1142	115.62	771
1146	kehren	73.01	0.00	28.20	2924	66.30	1386	207.61	415
1147	Figur	72.80	1.00	50.18	1865	57.37	1600	133.74	658
1148	Aktivität	72.79	1.00	113.24	842	46.88	1920	72.49	1253
1149	Methode	72.78	1.00	120.57	792	39.96	2186	79.83	1134
1150	Morgen	72.78	0.71	87.49	1114	94.87	971	46.34	1865
1151	danken	72.75	0.00	107.91	888	111.61	815	31.89	2567
1152	amerikanisch	72.71	0.00	41.74	2144	69.64	1317	131.91	673
1153	wünschen	72.71	0.00	141.67	669	116.74	778	23.17	3312
1154	Verkehr	72.70	1.00	60.17	1571	96.43	956	66.07	1367
1155	Rede	72.63	1.00	47.52	1941	125.23	718	64.23	1401
1156	derselbe	72.45	0.00	57.73	1646	50.45	1804	130.30	689
1157	entlang	72.44	0.00	69.28	1378	51.12	1782	107.13	832
1158	durchschnittlich	72.44	0.00	60.84	1562	57.81	1589	107.82	827
1159	Erde	72.36	1.00	71.50	1346	65.85	1395	80.29	1126
1160	Fahrer	72.33	1.00	50.63	1840	141.97	628	52.53	1672
1161	südlich	72.26	0.00	41.52	2154	42.86	2072	211.51	410
1162	Luft	72.12	1.00	79.94	1203	85.05	1074	55.06	1603
1163	Jugendliche	71.94	1.00	145.44	651	72.77	1254	35.10	2363
1164	kritisch	71.89	0.00	73.28	1316	82.59	1103	61.25	1468
1165	besetzen	71.78	0.00	51.29	1825	66.30	1387	108.51	821
1166	Flughafen	71.69	1.00	70.61	1356	92.64	988	56.20	1582
1167	Parlament	71.62	1.00	45.96	1994	98.22	939	81.21	1110
1168	Dresden	71.59	1.00	88.82	1090	57.59	1590	71.57	1267
1169	trennen	71.55	0.01	52.62	1778	59.60	1542	116.54	764
1170	auszeichnen	71.47	0.00	83.71	1156	53.13	1713	81.90	1099
1171	lieb	71.35	0.00	114.58	832	112.95	803	27.99	2847
1172	anpassen	71.22	0.01	107.69	891	60.05	1528	55.74	1592
1173	hoffen	71.17	0.02	85.27	1137	150.67	585	27.99	2848
1174	vermitteln	71.17	0.01	158.54	589	45.98	1961	49.32	1764
1175	verdienen	71.16	0.00	73.72	1305	108.49	845	44.96	1910
1176	Maschine	71.01	1.00	65.73	1457	48.66	1858	111.72	793
1177	Gelände	70.95	1.00	47.96	1920	68.75	1334	108.05	822
1178	Bezug	70.93	1.00	96.59	996	50.22	1808	73.41	1231
1179	verpflichten	70.92	0.00	91.93	1057	60.27	1526	64.23	1408
1180	zwingen	70.91	0.00	59.51	1598	71.21	1291	83.96	1064
1181	Heimat	70.79	1.00	61.28	1547	66.07	1388	87.40	1027
1182	unterscheiden	70.70	0.00	80.82	1197	35.94	2363	121.35	734
1183	damalig	70.59	0.00	37.53	2338	65.63	1404	142.46	619
1184	Wirkung	70.54	1.00	103.03	926	43.08	2051	78.91	1150
1185	Gegner	70.53	1.00	42.19	2128	104.24	875	79.60	1137
1186	Gewalt	70.50	1.00	77.27	1246	106.03	862	42.67	1993
1187	eben	70.49	0.00	102.59	932	121.65	746	27.99	2840
1188	Auftritt	70.46	1.00	38.86	2275	120.09	754	74.79	1210
1189	Hannover	70.40	1.00	88.37	1097	68.98	1329	57.12	1548
1190	niemand	70.29	0.15	70.61	1358	137.95	649	35.56	2344
1191	Theater	70.12	1.00	64.62	1476	51.56	1769	103.23	879
1192	Hall	70.09	1.00	55.51	1693	66.30	1383	93.37	964
1193	widmen	69.99	0.00	69.06	1387	43.53	2042	113.78	785
1194	umfassend	69.94	0.00	101.70	941	53.80	1698	62.40	1450
1195	aufstellen	69.85	0.04	56.18	1676	79.02	1144	76.62	1181
1196	Brücke	69.78	1.00	40.19	2216	64.73	1429	130.30	687
1197	vorher	69.72	0.00	78.83	1221	63.39	1456	67.67	1329
1198	Ebene	69.67	1.00	75.94	1269	48.66	1856	91.30	988
1199	dritt	69.59	0.00	50.63	1839	60.94	1503	108.97	812
1200	Lied	69.58	1.00	35.08	2473	50.67	1795	189.03	458
1201	kündigen	69.45	0.00	54.40	1730	112.50	808	54.60	1615
1202	unten	69.31	0.00	78.38	1232	46.65	1929	90.84	993
1203	drohen	69.28	0.00	48.85	1904	137.06	656	49.55	1752
1204	Umsetzung	69.18	1.00	162.32	570	57.59	1591	35.33	2349
1205	üblich	69.14	0.00	61.28	1552	52.23	1752	103.00	884
1206	zuerst	69.12	0.00	58.62	1617	60.05	1527	93.60	963
1207	stecken	69.03	0.01	80.60	1199	124.11	725	32.80	2511
1208	km	69.03	0.01	87.49	1111	16.07	4569	233.07	363
1209	Düsselsdorf	69.01	1.00	71.50	1345	75.45	1209	60.79	1475
1210	Zeichen	68.83	1.00	75.50	1279	77.01	1178	55.97	1587
1211	Verlust	68.76	1.00	48.63	1908	78.57	1147	84.88	1054
1212	Weste	68.74	1.00	30.64	2737	77.46	1168	136.49	646
1213	Hund	68.73	1.00	82.38	1175	100.23	919	39.23	2154
1214	nötig	68.69	0.00	83.27	1160	86.39	1064	44.96	1908
1215	Fähigkeit	68.69	1.00	94.81	1019	54.47	1676	62.63	1443
1216	Umgang	68.67	1.00	140.55	675	60.72	1510	37.85	2212
1217	Test	68.50	1.00	112.58	852	74.33	1231	38.31	2195
1218	kritisieren	68.48	0.00	30.64	2755	142.86	624	73.18	1238
1219	Sachse	68.42	1.00	113.24	841	75.00	1217	37.62	2219
1220	Fehler	68.33	1.00	77.27	1247	106.25	860	38.77	2172
1221	Hof	68.33	1.00	49.29	1891	43.97	2018	146.82	594
1222	beruflich	68.31	0.00	143.66	661	45.09	1990	49.09	1770
1223	benutzen	68.28	0.02	86.82	1120	31.70	2650	115.39	775
1224	Urteil	68.19	1.00	68.83	1390	87.50	1054	52.53	1675
1225	Detail	68.13	1.00	83.27	1161	98.89	932	38.31	2192
1226	Station	67.68	1.00	73.50	1310	46.21	1950	91.07	992
1227	plötzlich	67.67	0.00	50.63	1841	118.31	768	51.62	1701
1228	Partie	67.63	1.00	31.75	2671	158.04	560	61.48	1462
1229	Fenster	67.61	1.00	57.73	1637	52.90	1722	100.94	896
1230	Tour	67.43	1.00	78.83	1223	68.75	1335	56.43	1571
1231	jemand	67.38	0.00	90.37	1075	114.96	790	29.36	2742
1232	elf	67.31	0.00	43.30	2082	90.63	1011	77.54	1168
1233	vorbereiten	67.31	0.01	95.92	1005	97.32	947	32.58	2533
1234	außer	67.26	0.00	55.51	1692	57.59	1593	94.97	944
1235	ober	67.21	0.02	51.96	1800	44.20	2013	131.91	672
1236	Dank	67.19	1.00	142.33	664	81.25	1119	26.15	2995
1237	Mehrheit	67.18	1.00	47.74	1932	109.15	839	58.04	1526
1238	Ereignis	67.02	1.00	56.40	1672	56.47	1624	94.28	955
1239	durchaus	67.00	0.00	73.28	1312	102.01	897	40.15	2100
1240	schätzen	66.89	0.00	63.73	1501	83.04	1096	56.43	1577
1241	divers	66.88	0.00	68.39	1400	51.56	1773	84.65	1056
1242	vorsehen	66.88	0.00	61.28	1550	64.73	1430	75.24	1197
1243	Teilnahme	66.76	1.00	111.02	863	50.89	1787	52.53	1671
1244	Zweck	66.73	1.00	111.02	864	32.14	2611	83.04	1080
1245	nördlich	66.67	0.00	37.30	2350	36.16	2354	219.08	393
1246	italienisch	66.66	0.00	37.53	2339	76.12	1196	103.46	877
1247	Wissenschaft	66.66	1.00	114.35	833	31.03	2690	83.27	1072
1248	vergeben	66.65	0.01	68.39	1399	52.01	1756	83.04	1079
1249	ansehen	66.62	0.17	59.95	1586	47.55	1896	103.46	876
1250	Abstand	66.60	1.00	63.28	1508	59.38	1544	78.46	1153
1251	komplex	66.59	0.13	100.81	955	46.65	1937	62.63	1444
1252	Wunsch	66.57	1.00	86.60	1121	60.72	1509	55.97	1586
1253	Krankheit	66.56	1.00	81.49	1187	59.38	1546	60.79	1478
1254	Kategorie	66.54	1.00	89.26	1088	49.33	1834	66.76	1349
1255	CDU	66.41	1.00	55.96	1680	162.50	547	32.12	2551
1256	innen	66.31	0.00	133.01	715	58.48	1569	37.39	2233
1257	typisch	66.30	0.00	77.49	1245	35.94	2367	104.38	867
1258	Einheit	66.27	1.00	41.08	2170	55.81	1639	126.63	707
1259	wiederholen	66.25	0.01	51.96	1804	62.72	1473	89.01	1012
1260	Auswirkung	66.12	1.00	85.71	1129	81.48	1113	41.29	2049
1261	Vorstellung	66.05	1.00	74.83	1292	59.82	1537	64.23	1404
1262	bedeutend	65.92	0.00	52.62	1781	41.52	2122	130.76	684
1263	Israel	65.90	1.00	23.31	3350	280.59	313	43.59	1961
1264	Ursache	65.84	1.00	68.39	1401	75.00	1220	55.52	1598
1265	entweder	65.82	0.00	81.93	1179	46.43	1943	74.79	1206
1266	Verletzung	65.76	1.00	37.97	2315	129.24	701	57.81	1537
1267	Handel	65.73	1.00	71.94	1339	59.82	1533	65.84	1369
1268	retten	65.61	0.01	40.86	2182	88.40	1043	78.00	1161
1269	Weltkrieg	65.60	1.00	42.41	2118	30.36	2749	218.62	394
1270	Konflikt	65.56	1.00	49.07	1897	74.56	1230	76.85	1177
1271	York	65.42	1.00	31.75	2666	91.07	1004	96.58	927
1272	sichtbar	65.25	0.00	75.05	1286	43.97	2019	83.96	1062
1273	wiederwählen	65.21	0.00	100.81	949	58.93	1561	46.57	1859
1274	Verkauf	65.21	1.00	67.28	1425	61.39	1493	66.99	1342
1275	Bundesland	65.14	1.00	95.48	1007	88.62	1039	32.58	2529
1276	Landwirtschaft	65.12	1.00	68.61	1392	43.75	2027	91.76	980
1277	jüdisch	65.08	0.00	42.19	2131	48.89	1851	133.28	659
1278	Plattform	64.99	1.00	98.81	979	99.78	923	27.76	2867
1279	Pflanze	64.85	1.00	82.82	1165	47.10	1906	69.74	1301
1280	wann	64.77	0.00	109.47	878	110.05	830	22.48	3388
1281	versprechen	64.71	0.22	57.29	1654	103.35	884	45.65	1890
1282	ausschließen	64.68	0.01	66.84	1437	77.90	1164	51.85	1692
1283	automatisch	64.67	0.00	124.79	761	45.09	1989	47.95	1808
1284	Verantwortung	64.62	1.00	99.92	968	77.23	1172	34.87	2376
1285	musikalisch	64.59	0.00	59.29	1603	55.36	1652	81.90	1101
1286	Gegensatz	64.56	1.00	53.74	1753	41.07	2135	121.58	731
1287	Liga	64.53	1.00	22.43	3440	102.90	889	116.08	767
1288	stoßen	64.53	0.01	48.85	1905	75.45	1212	72.72	1249
1289	gemäss	64.52	0.00	88.15	1101	46.65	1936	65.15	1384
1290	berücksichtigen	64.39	0.01	123.68	774	41.52	2123	51.85	1696
1291	kulturell	64.38	0.00	102.36	934	31.47	2667	82.59	1088
1292	vorbei	64.33	0.00	77.49	1243	95.76	961	35.79	2318
1293	gesellschaftlich	64.30	0.00	101.25	943	43.08	2061	60.79	1480
1294	Sekunde	64.15	1.00	44.63	2034	84.60	1079	69.74	1300
1295	Schweizer	64.08	1.00	26.65	3035	131.25	689	75.01	1200
1296	beschlossen	64.08	0.00	56.84	1660	86.39	1062	53.45	1645
1297	Täter	63.95	1.00	42.85	2098	148.22	596	41.06	2059
1298	Darstellung	63.91	1.00	63.95	1493	28.57	2873	142.46	618
1299	umgehen	63.91	0.01	77.27	1252	87.95	1050	38.31	2197
1300	menschlich	63.84	0.00	61.73	1542	52.23	1753	80.52	1124
1301	Restaurant	63.83	1.00	79.71	1213	73.89	1240	44.05	1944
1302	Vorschlag	63.72	1.00	74.16	1299	79.02	1145	44.05	1945
1303	begrenzen	63.72	0.00	69.28	1382	47.77	1893	78.00	1163
1304	stattdessen	63.60	0.00	39.75	2236	85.27	1071	75.70	1192
1305	euch	63.56	0.00	225.15	381	149.56	589	7.57	7991
1306	global	63.50	0.00	97.70	989	78.57	1148	33.26	2481
1307	sportlich	63.50	0.00	63.51	1504	73.66	1243	54.60	1616
1308	Variante	63.48	1.00	68.17	1406	43.97	2020	85.11	1050
1309	chinesisch	63.47	0.04	37.97	2317	89.29	1032	75.24	1199
1310	verlangen	63.47	0.08	75.72	1277	63.84	1451	52.76	1668
1311	möglicherweise	63.40	0.00	46.85	1964	72.10	1274	75.24	1198
1312	leiden	63.36	0.02	61.73	1539	77.23	1176	53.22	1655
1313	landen	63.35	0.00	53.96	1748	113.17	801	41.52	2044
1314	Grüne	63.31	1.00	53.74	1750	170.99	523	27.53	2873
1315	existieren	63.18	0.00	49.07	1898	29.47	2815	173.89	511
1316	kontrollieren	63.01	0.01	66.39	1446	93.08	986	40.37	2098
1317	Andreas	62.90	1.00	53.96	1737	96.43	955	47.72	1811
1318	konzentrieren	62.88	0.00	59.51	1600	69.87	1315	59.64	1502
1319	Tonne	62.84	1.00	45.52	2001	68.53	1338	79.37	1140
1320	etablieren	62.82	0.00	76.38	1262	45.54	1978	71.11	1278
1321	negativ	62.76	0.03	64.39	1487	62.06	1486	61.71	1461
1322	kümmern	62.70	0.00	77.94	1239	70.54	1302	44.73	1921
1323	Frühjahr	62.68	1.00	51.96	1794	51.79	1760	91.30	986
1324	Gesicht	62.67	1.00	55.29	1705	101.34	910	43.82	1955
1325	Alltag	62.66	1.00	130.56	732	71.21	1289	26.38	2977
1326	leider	62.59	0.00	191.40	468	102.90	891	12.39	5457
1327	versorgen	62.57	0.00	74.83	1293	62.72	1472	52.07	1688
1328	jener	62.54	0.00	41.08	2173	101.12	913	58.73	1515
1329	Erinnerung	62.50	1.00	50.63	1844	67.64	1357	71.11	1276
1330	Robert	62.48	1.00	34.86	2476	91.07	1003	76.62	1180
1331	hervor	62.42	0.00	39.75	2228	66.52	1376	91.76	982
1332	erschienen	62.39	0.00	43.97	2054	36.61	2320	150.49	580
1333	Fahrt	62.31	1.00	79.05	1219	72.32	1269	42.21	2012
1334	Erkenntnis	62.27	1.00	71.50	1349	72.32	1272	46.57	1861
1335	anbieten	62.25	0.01	109.47	879	64.29	1439	34.18	2433
1336	Finale	62.17	1.00	31.09	2706	79.24	1139	97.27	924
1337	Friedrich	62.16	1.00	35.31	2448	51.34	1775	132.14	668
1338	Staffel	62.04	1.00	19.98	3747	89.51	1025	133.05	664
1339	vielfältig	61.98	0.00	166.09	557	44.20	2015	32.35	2550
1340	Nummer	61.96	1.00	61.28	1549	60.49	1516	64.00	1410
1341	drehen	61.82	0.00	56.18	1678	85.05	1076	49.32	1765
1342	raten	61.80	0.00	60.17	1573	110.72	824	35.33	2356
1343	Forderung	61.76	1.00	53.96	1745	90.40	1017	48.17	1800
1344	Stadtteil	61.75	1.00	52.85	1769	60.94	1505	72.95	1242
1345	London	61.74	1.00	38.86	2272	63.62	1452	94.97	943
1346	gefallen	61.57	0.07	56.40	1669	89.96	1019	45.88	1881
1347	anlegen	61.55	0.04	77.27	1251	31.92	2628	94.28	954
1348	Website	61.52	1.00	166.53	554	37.28	2286	37.39	2234
1349	Bezirk	61.46	1.00	31.31	2697	106.03	863	69.74	1302
1350	Müller	61.44	1.00	43.52	2067	79.91	1128	66.53	1352
1351	perfekt	61.32	0.28	123.68	773	103.80	880	17.89	4106
1352	gefährlich	61.29	0.00	60.40	1569	120.09	755	31.66	2589
1353	nahezu	61.29	0.00	61.95	1530	44.64	1997	83.04	1075
1354	Fokus	61.24	1.00	100.36	959	103.57	881	22.02	3440
1355	Alternative	61.23	1.00	94.15	1026	82.81	1101	29.36	2741
1356	Spitze	61.18	1.00	37.97	2313	62.28	1476	96.58	928
1357	lauten	61.17	0.00	53.96	1742	65.40	1412	64.69	1392
1358	Vorstand	61.08	1.00	68.39	1398	61.39	1494	54.14	1625
1359	österreichisch	61.06	0.00	19.10	3910	111.83	812	106.21	844
1360	genannt	61.01	0.00	91.70	1058	30.58	2722	80.75	1119
1361	Prüfung	60.99	1.00	131.23	730	40.63	2151	42.44	2004
1362	finanzieren	60.98	0.00	67.28	1429	59.82	1538	56.20	1584
1363	Brand	60.98	1.00	28.64	2881	114.29	793	69.05	1309
1364	Gesundheit	60.96	1.00	113.02	843	64.06	1442	31.20	2607
1365	verbringen	60.94	0.02	57.29	1652	50.22	1811	78.46	1155
1366	Kandidat	60.87	1.00	32.64	2607	112.50	807	61.25	1465
1367	Gründung	60.86	1.00	51.96	1795	31.70	2639	136.49	647
1368	Macht	60.84	1.00	39.30	2251	66.07	1389	86.48	1039
1369	Stein	60.83	1.00	39.30	2256	42.86	2071	133.28	661
1370	Länge	60.82	1.00	41.74	2141	28.35	2886	189.49	456
1371	and	60.79	0.00	47.96	1919	36.16	2347	129.15	694
1372	Tradition	60.78	1.00	64.84	1471	48.89	1844	70.66	1287
1373	massiv	60.72	0.04	40.19	2222	122.32	742	45.42	1895
1374	weitgehend	60.71	0.00	40.63	2193	43.53	2037	126.17	708
1375	Rest	60.68	1.00	38.19	2302	50.67	1793	115.16	778
1376	reisen	60.64	0.00	48.18	1918	69.64	1318	66.30	1364
1377	Jugend	60.63	1.00	77.49	1242	44.20	2006	64.92	1387
1378	daneben	60.50	0.00	52.18	1788	31.92	2629	132.60	667
1379	zukünftig	60.50	0.00	114.35	834	48.66	1859	39.69	2130
1380	Abschnitt	60.47	1.00	45.74	1995	37.05	2300	130.07	690
1381	Kamera	60.43	1.00	70.17	1362	69.42	1322	45.19	1901
1382	ausstatten	60.33	0.00	78.60	1228	37.72	2267	73.87	1222
1383	Rang	60.16	1.00	27.31	2984	65.63	1399	121.12	736
1384	Verwendung	60.14	1.00	82.38	1171	25.45	3160	103.46	872
1385	rechtlich	60.11	0.00	108.36	884	54.47	1678	36.70	2279
1386	schicken	59.95	0.00	49.96	1869	66.97	1370	64.23	1405
1387	überwiegen	59.93	0.00	54.85	1714	32.37	2591	120.90	738
1388	Kooperation	59.91	1.00	141.00	671	51.79	1761	29.36	2736
1389	Club	59.90	1.00	39.75	2234	64.96	1424	83.04	1078
1390	Aspekt	59.85	1.00	104.81	906	35.72	2378	57.12	1553
1391	Element	59.83	1.00	74.61	1294	29.02	2834	98.64	914
1392	Anforderung	59.80	1.00	164.31	563	31.25	2674	41.52	2039
1393	Dach	59.80	1.00	49.52	1882	59.60	1539	72.26	1258
1394	Pol	59.74	1.00	42.41	2112	63.17	1459	79.37	1141
1395	Eindruck	59.71	1.00	78.83	1224	61.16	1500	44.05	1943
1396	Ausbau	59.70	1.00	59.06	1604	64.73	1427	55.52	1595
1397	Schülerin	59.70	1.00	239.81	361	55.81	1638	15.83	4494
1398	Bauer	59.65	1.00	34.86	2485	72.32	1270	83.96	1061
1399	Waffe	59.65	1.00	26.42	3063	89.96	1020	89.01	1011
1400	Glück	59.62	1.00	73.05	1318	95.54	964	30.28	2685
1401	treiben	59.57	0.10	57.07	1657	73.22	1249	50.47	1734
1402	scheitern	59.54	0.02	27.76	2961	88.62	1040	85.57	1048
1403	erfassen	59.52	0.02	79.49	1217	56.25	1633	47.03	1847
1404	Verbesserung	59.40	1.00	80.60	1198	53.57	1703	48.40	1793
1405	Bremen	59.25	1.00	93.93	1028	54.69	1667	40.37	2090
1406	stärken	59.20	0.00	98.14	986	85.05	1075	24.78	3141
1407	fort	59.19	0.21	37.08	2354	47.10	1904	118.37	750
1408	mittler	59.17	0.03	58.62	1620	33.04	2552	106.67	838
1409	Gelegenheit	59.15	1.00	84.16	1148	65.18	1416	37.62	2221
1410	bessern	59.14	0.00	79.05	1218	66.52	1377	39.23	2150
1411	dritteln	59.13	0.00	51.51	1812	71.21	1288	56.20	1581
1412	Geschäftsführer	59.12	1.00	67.95	1409	70.31	1306	43.13	1974
1413	gestaltet	59.06	0.00	85.71	1128	36.16	2346	66.30	1358
1414	Bedarf	59.00	1.00	119.02	805	47.77	1882	36.02	2305
1415	qualifizieren	58.93	0.00	73.05	1319	33.93	2493	82.36	1092
1416	Spur	58.93	1.00	45.08	2016	68.31	1347	66.30	1360
1417	Karl	58.82	1.00	30.20	2768	51.56	1767	130.30	686
1418	Maria	58.79	1.00	37.08	2352	46.88	1916	116.54	762
1419	Meer	58.76	1.00	51.51	1815	62.28	1477	63.09	1430
1420	brechen	58.62	0.01	29.98	2797	70.54	1304	94.97	945
1421	Industrie	58.57	1.00	85.27	1133	52.01	1754	45.19	1897
1422	gefördert	58.57	0.00	122.79	778	39.96	2181	40.83	2079
1423	laufend	58.54	0.00	65.50	1462	93.75	980	32.58	2522
1424	wahr	58.54	0.00	63.73	1500	58.48	1573	53.68	1641
1425	Roman	58.47	1.00	30.64	2743	48.89	1846	133.05	665
1426	Anbieter	58.45	1.00	158.10	593	57.14	1605	22.02	3456
1427	Hoffnung	58.44	1.00	45.08	2013	106.92	854	41.29	2051
1428	Klinik	58.41	1.00	91.04	1067	65.63	1402	33.26	2476
1429	empfehlen	58.37	0.00	142.33	667	68.98	1333	20.19	3714
1430	Technologie	58.31	1.00	113.69	840	63.17	1461	27.53	2889
1431	beeinflussen	58.31	0.00	69.94	1370	43.08	2059	65.61	1377
1432	Berg	58.28	1.00	44.85	2025	44.20	2010	99.56	906
1433	Neubau	58.26	1.00	42.41	2116	53.35	1709	87.17	1034
1434	singen	58.11	0.12	46.41	1988	64.06	1447	65.84	1374
1435	Strom	58.11	1.00	78.83	1220	71.65	1281	34.64	2395
1436	erzeugen	58.05	0.02	79.49	1216	37.28	2292	65.84	1373
1437	warnen	58.03	0.00	38.41	2299	175.45	506	28.90	2791
1438	Politiker	58.03	1.00	43.52	2070	103.80	878	43.13	1982
1439	Volk	58.03	1.00	41.08	2175	49.11	1841	96.58	929
1440	Gegenstand	58.02	1.00	57.73	1644	51.79	1764	65.15	1385
1441	Reaktion	57.97	1.00	42.85	2100	88.62	1037	51.16	1715
1442	katholisch	57.93	0.00	59.51	1599	27.68	2952	117.68	759
1443	verursachen	57.85	0.01	52.85	1773	64.73	1434	56.43	1580
1444	Instrument	57.74	1.00	67.06	1434	38.17	2251	75.01	1203
1445	Objekt	57.69	1.00	64.62	1479	36.38	2340	81.44	1109
1446	Termin	57.53	1.00	131.67	724	83.71	1091	17.21	4227
1447	Nachfrage	57.51	1.00	66.39	1442	102.90	888	27.76	2854
1448	dringen	57.51	0.00	61.73	1538	91.74	995	33.49	2472
1449	mitteilen	57.46	0.00	51.29	1824	216.97	417	16.98	4281
1450	Festival	57.43	1.00	40.41	2204	72.77	1258	64.23	1402
1451	Wechsel	57.42	1.00	51.07	1827	70.98	1293	52.07	1685
1452	bewerten	57.41	0.01	89.04	1089	57.37	1602	36.93	2271
1453	führend	57.37	0.00	64.39	1484	45.54	1977	64.23	1403
1454	betreuen	57.37	0.01	99.03	978	40.63	2155	46.80	1855
1455	beitragen	57.35	0.00	85.04	1140	64.29	1440	34.41	2420
1456	einladen	57.34	0.00	100.81	951	66.07	1392	28.22	2819
1457	Rand	57.34	1.00	41.97	2136	54.24	1684	82.59	1086
1458	schwach	57.30	0.00	35.75	2428	75.00	1222	69.97	1299
1459	Fluss	57.24	1.00	43.30	2086	37.50	2278	115.16	777
1460	schauen	57.19	0.00	96.59	998	123.66	729	15.60	4576
1461	Analyse	57.17	1.00	91.93	1053	45.54	1973	44.50	1926
1462	Veröffentlichung	57.04	1.00	51.07	1829	28.35	2885	127.78	700
1463	achter	56.95	0.13	92.59	1044	49.55	1831	40.15	2102
1464	Paul	56.92	1.00	33.08	2579	54.69	1666	101.63	891
1465	Sitzung	56.85	1.00	83.93	1152	65.18	1415	33.49	2469
1466	Ausnahme	56.78	1.00	57.73	1641	43.08	2058	73.41	1233
1467	Phase	56.77	1.00	50.18	1863	60.72	1513	59.87	1497
1468	manch	56.65	0.00	73.72	1303	73.44	1245	33.49	2466
1469	gedenken	56.64	0.16	51.29	1822	77.01	1180	45.88	1880
1470	Ermittlung	56.59	1.00	37.97	2316	122.77	736	38.77	2174
1471	Versorgung	56.53	1.00	94.81	1017	48.44	1860	39.23	2149
1472	gehört	56.50	0.00	24.43	3230	30.13	2755	244.08	347
1473	eigene	56.42	0.07	68.61	1393	41.07	2136	63.54	1422
1474	Donnerstag	56.41	1.00	75.50	1278	285.95	299	8.26	7386
1475	Bundesregierung	56.35	1.00	88.37	1095	112.73	805	17.89	4062
1476	bewusst	56.33	0.00	72.39	1329	65.85	1396	37.39	2237
1477	klären	56.32	0.00	65.28	1466	71.65	1284	38.08	2203
1478	Gewinn	56.20	1.00	54.18	1735	76.56	1189	42.67	1999
1479	Vorjahr	56.17	1.00	54.85	1715	118.98	763	27.07	2929
1480	begründen	56.04	0.00	52.40	1787	47.10	1912	71.11	1277
1481	Verlauf	56.02	1.00	47.30	1948	36.38	2329	101.85	889
1482	Regelung	55.98	1.00	110.58	870	44.20	2012	35.79	2331
1483	Kommunikation	55.96	1.00	112.80	845	44.42	2002	34.87	2379
1484	Vortrag	55.94	1.00	132.78	719	29.69	2799	44.27	1939
1485	unsere	55.91	0.00	282.00	302	92.41	989	6.65	8785
1486	I	55.90	0.88	55.29	1699	28.13	2908	111.95	791
1487	App	55.89	1.00	193.85	461	78.13	1155	11.47	5746
1488	bestellen	55.87	0.04	110.80	869	41.97	2106	37.39	2246
1489	fliegen	55.83	0.12	44.41	2043	67.86	1353	57.58	1541
1490	teils	55.82	0.00	30.86	2725	79.24	1138	70.89	1279
1491	Hamburger	55.80	1.00	59.73	1587	69.87	1313	41.52	2038
1492	B	55.75	0.88	65.73	1455	35.27	2402	74.56	1213
1493	Arbeitgeber	55.73	1.00	121.01	787	51.79	1762	27.53	2881
1494	aufgebaut	55.70	0.00	56.84	1659	42.64	2076	71.11	1274
1495	Alexander	55.70	1.00	34.42	2503	92.86	987	53.91	1632
1496	Kommune	55.68	1.00	101.70	939	68.31	1344	24.78	3134
1497	doppeln	55.65	0.00	45.08	2020	59.38	1551	64.23	1407
1498	festlegen	55.60	0.00	73.28	1314	40.63	2152	57.58	1539
1499	Bus	55.56	1.00	66.39	1444	77.46	1171	33.26	2479
1500	parallel	55.56	0.00	47.96	1925	37.72	2269	94.51	948
1501	feuern	55.49	0.00	31.09	2708	97.10	950	56.43	1572
1502	Erkrankung	55.47	1.00	103.92	912	45.76	1968	35.79	2329
1503	Mittelpunkt	55.34	1.00	82.60	1167	43.30	2043	47.26	1834
1504	Brief	55.31	1.00	37.53	2337	48.89	1847	91.99	979
1505	Regen	55.25	0.69	57.73	1642	80.36	1125	36.25	2296
1506	X	55.09	0.66	69.50	1375	111.16	822	21.56	3508
1507	hundert	55.04	0.48	45.74	1998	75.45	1211	48.17	1798
1508	außen	55.03	0.00	49.52	1879	44.20	2009	75.93	1187
1509	cm	55.02	0.01	66.61	1439	16.96	4375	146.82	593
1510	Abteilung	55.02	1.00	67.06	1431	27.68	2944	89.47	1007
1511	Ansatz	55.01	1.00	86.60	1122	42.86	2067	44.73	1920
1512	Landtag	54.95	1.00	49.52	1884	57.81	1584	57.81	1535
1513	Dollar	54.90	1.00	27.76	2945	122.77	734	48.40	1787
1514	langfristig	54.87	0.00	88.37	1099	75.89	1205	24.55	3157
1515	Aufbau	54.87	1.00	68.83	1389	32.59	2575	73.41	1229
1516	beschrieben	54.86	0.00	65.73	1456	22.55	3496	111.03	797
1517	dunkel	54.85	0.17	40.86	2187	51.79	1765	77.77	1166
1518	Student	54.84	1.00	77.05	1255	28.80	2850	74.10	1219
1519	Rathaus	54.83	1.00	55.51	1694	62.06	1483	47.72	1816
1520	unbedingt	54.83	0.00	94.37	1023	73.66	1241	23.63	3242
1521	sperren	54.82	0.00	38.64	2289	133.26	679	31.89	2570
1522	endgültig	54.79	0.00	33.53	2562	53.57	1702	91.30	989
1523	letztlich	54.77	0.00	41.08	2171	67.64	1355	58.96	1512
1524	Vorbereitung	54.73	1.00	78.38	1234	62.28	1478	33.49	2468
1525	vermeiden	54.72	0.04	80.82	1195	52.46	1739	38.54	2181
1526	Spanien	54.69	1.00	34.20	2520	75.89	1200	62.86	1438
1527	betrieben	54.69	0.00	47.74	1936	31.47	2659	108.51	818
1528	Dokument	54.67	1.00	81.49	1186	33.26	2533	60.10	1496
1529	beziehungsweise	54.66	0.00	65.73	1454	52.68	1728	47.03	1841
1530	anhand	54.62	0.00	100.81	950	27.01	3021	59.64	1500
1531	Beratung	54.53	1.00	164.76	560	37.50	2276	26.15	2997
1532	Austausch	54.53	1.00	111.24	862	50.67	1792	28.68	2793
1533	herrschen	54.46	0.00	45.74	1997	80.36	1126	43.82	1958
1534	Stil	54.42	1.00	38.64	2288	35.27	2405	117.91	753
1535	vergessen	54.37	0.10	72.39	1330	69.42	1321	31.89	2574
1536	eingeführt	54.31	0.00	51.51	1813	39.29	2207	78.91	1149
1537	entgegen	54.13	0.00	58.18	1631	56.70	1615	47.95	1806
1538	benennen	54.09	0.01	39.30	2258	29.91	2786	134.20	654
1539	deswegen	54.08	0.00	58.40	1625	70.09	1310	38.54	2182
1540	Max	54.03	1.00	37.75	2322	73.22	1247	56.89	1557
1541	Verhandlung	54.01	1.00	30.64	2745	93.08	985	55.06	1605
1542	zugänglich	53.99	0.00	61.95	1533	35.27	2411	71.80	1265
1543	Büro	53.92	1.00	63.51	1502	57.37	1596	42.90	1991
1544	Hauptstadt	53.90	1.00	39.08	2261	89.29	1028	44.73	1912
1545	diesmal	53.70	0.00	38.19	2304	91.30	999	44.27	1936
1546	Umwelt	53.65	1.00	103.03	924	42.86	2063	34.87	2377
1547	einst	53.63	0.00	38.19	2300	76.34	1191	52.76	1665
1548	investieren	53.59	0.01	68.17	1407	97.10	953	23.17	3313
1549	geändert	53.54	0.00	59.51	1591	42.64	2079	60.33	1486
1550	Unterricht	53.49	1.00	120.35	793	24.55	3260	51.62	1698
1551	hauptsächlich	53.47	0.00	38.64	2285	31.03	2685	127.09	704
1552	derjenige	53.45	0.00	61.73	1540	47.99	1879	51.39	1709
1553	gleichen	53.30	0.00	54.85	1713	45.98	1958	59.87	1498
1554	angeblich	53.29	0.00	28.64	2884	81.70	1112	64.46	1399
1555	Umstand	53.24	1.00	58.62	1619	48.44	1867	52.99	1662
1556	warm	53.23	0.00	74.16	1300	66.97	1371	30.28	2696
1557	Vielzahl	53.22	1.00	81.71	1180	29.47	2805	62.40	1445
1558	frisch	53.21	0.06	73.72	1304	77.23	1175	26.38	2989
1559	elektronisch	53.17	0.00	103.70	917	32.14	2616	44.96	1911
1560	gelungen	53.16	0.00	67.28	1427	71.88	1279	30.97	2627
1561	Schwester	53.11	1.00	30.64	2746	40.85	2146	119.29	745
1562	Sorge	53.09	1.00	62.17	1528	113.62	798	21.11	3569
1563	ausgehen	52.98	0.01	53.51	1757	69.42	1323	39.92	2119
1564	ankommen	52.98	0.03	63.95	1496	73.22	1248	31.66	2587
1565	Anlass	52.94	1.00	61.95	1532	47.32	1898	50.47	1732
1566	durchsetzen	52.92	0.01	41.97	2138	51.34	1779	68.59	1314
1567	profitieren	52.81	0.04	115.46	828	70.09	1309	18.12	4053
1568	Zentimeter	52.78	1.00	31.97	2654	36.38	2332	125.94	711
1569	Großbritannien	52.78	1.00	36.64	2389	52.68	1729	75.93	1186
1570	Auflage	52.70	1.00	35.97	2417	33.93	2488	119.52	743
1571	Arbeitsplatz	52.57	1.00	87.49	1113	52.68	1737	31.43	2603
1572	Gedanke	52.52	1.00	66.39	1443	52.68	1732	41.29	2050
1573	attraktiv	52.51	0.00	119.24	804	56.70	1618	21.33	3545
1574	Personal	52.48	0.98	69.28	1379	63.39	1455	32.80	2503
1575	wertvoll	52.43	0.00	84.82	1141	52.01	1757	32.58	2532
1576	Star	52.40	1.00	42.41	2120	103.80	879	32.58	2524
1577	Burg	52.36	1.00	39.52	2245	20.54	3781	176.18	499
1578	Europäische	52.35	1.00	100.36	958	59.15	1552	24.09	3191
1579	geraten	52.35	0.00	24.20	3262	70.54	1303	83.73	1067
1580	Abgeordneter	52.23	1.00	34.20	2523	65.63	1405	63.32	1429
1581	Sendung	52.19	1.00	45.30	2008	46.88	1919	66.76	1346
1582	Perspektive	52.17	1.00	97.03	992	41.30	2129	35.33	2358
1583	enorm	52.13	0.00	64.17	1492	76.12	1195	28.90	2789
1584	Schluss	52.03	1.00	43.74	2062	82.81	1097	38.77	2169
1585	Institution	52.03	1.00	77.72	1240	37.50	2274	48.17	1799
1586	erhältlich	52.00	0.00	76.16	1263	37.50	2272	49.09	1767
1587	entscheidend	51.97	0.00	59.06	1606	64.96	1425	36.48	2286
1588	Freude	51.96	1.00	80.16	1201	78.35	1149	22.25	3407
1589	beraten	51.95	0.02	132.56	720	46.88	1922	22.48	3391
1590	örtlich	51.95	0.00	62.39	1523	39.06	2218	57.35	1544
1591	Auseinandersetzung	51.95	1.00	47.74	1938	47.10	1907	62.17	1452
1592	Design	51.94	1.00	103.03	925	38.62	2227	35.10	2366
1593	berühmt	51.92	0.00	52.40	1785	58.04	1580	45.88	1883
1594	Vorhaben	51.87	0.94	59.51	1592	64.51	1436	36.25	2291
1595	behaupten	51.87	0.00	37.97	2318	59.15	1555	61.94	1455
1596	Hans	51.82	1.00	35.75	2422	37.50	2270	103.46	873
1597	Le	51.77	1.00	30.64	2753	52.46	1743	86.03	1044
1598	zweimal	51.76	0.00	33.08	2580	56.92	1610	73.41	1230
1599	verzeichnen	51.71	0.00	35.97	2418	57.59	1594	66.53	1356
1600	Motto	51.68	1.00	88.37	1094	67.19	1363	23.17	3295
1601	sinnvoll	51.64	0.00	112.80	847	49.11	1842	24.78	3129
1602	Geburtstag	51.60	1.00	44.19	2048	64.96	1419	47.72	1817
1603	durchführen	51.44	0.01	85.27	1136	33.04	2555	48.17	1803
1604	Innenstadt	51.44	1.00	50.40	1848	81.48	1114	33.03	2488
1605	Gold	51.41	0.98	34.20	2521	56.25	1627	70.43	1290
1606	real	51.41	0.35	50.63	1847	67.41	1361	39.69	2129
1607	Grundstück	51.40	1.00	49.96	1870	44.42	2005	61.02	1473
1608	Flugzeug	51.40	1.00	26.42	3068	53.80	1697	95.20	941
1609	künstlich	51.39	0.00	54.18	1736	72.10	1277	34.64	2405
1610	Musiker	51.37	1.00	35.08	2468	56.92	1612	67.67	1330
1611	vielmehr	51.35	0.00	59.95	1584	49.33	1835	45.65	1889
1612	Freiheit	51.34	1.00	50.18	1861	58.04	1577	46.34	1868
1613	Software	51.23	1.00	123.90	767	35.72	2370	30.28	2679
1614	städtisch	51.21	0.00	51.07	1834	36.38	2337	72.03	1261
1615	militärisch	51.19	0.00	20.43	3708	62.28	1480	105.07	857
1616	Demokratie	51.15	1.00	56.18	1675	114.96	789	20.65	3621
1617	Kauf	51.13	1.00	85.04	1138	53.35	1707	29.36	2734
1618	Wand	51.09	1.00	50.63	1846	45.98	1960	57.12	1554
1619	Vorgehen	51.06	0.62	51.07	1832	81.48	1117	31.89	2573
1620	selb	50.98	0.01	25.76	3110	36.38	2328	140.85	625
1621	Großteil	50.97	1.00	36.64	2387	51.34	1777	70.20	1292
1622	Baden-Württemberg	50.97	1.00	88.37	1096	53.35	1708	27.99	2834
1623	Tat	50.94	1.00	42.19	2122	80.58	1123	38.77	2166
1624	ideal	50.91	0.18	89.48	1084	44.20	2014	33.26	2482
1625	künstlerisch	50.88	0.00	49.07	1900	29.02	2838	92.22	977
1626	Infrastruktur	50.88	1.00	66.84	1436	62.06	1482	31.66	2576
1627	US-Dollar	50.87	1.00	23.76	3297	65.40	1410	84.42	1057
1628	Flüchtling	50.82	1.00	90.59	1074	44.64	2000	32.35	2543
1629	passend	50.74	0.00	164.09	565	43.75	2034	18.12	4050
1630	Richter	50.74	1.00	31.75	2668	62.50	1474	65.61	1375
1631	ankündigen	50.70	0.00	37.08	2356	116.52	780	30.05	2703
1632	Standard	50.67	1.00	76.16	1266	42.19	2096	40.37	2093
1633	La	50.59	1.00	27.98	2939	34.60	2447	133.28	660
1634	Turnier	50.57	1.00	26.20	3089	57.81	1586	85.11	1051
1635	nachweisen	50.56	0.00	59.06	1607	27.01	3026	80.75	1121
1636	steigern	50.50	0.00	61.28	1551	50.45	1802	41.52	2045
1637	Kommission	50.48	1.00	46.41	1986	46.88	1918	58.96	1511
1638	fünft	50.45	0.00	33.75	2547	54.02	1688	70.20	1293
1639	genießen	50.29	0.11	135.67	698	65.63	1403	14.22	4925
1640	Einstellung	50.28	1.00	67.72	1419	37.95	2258	49.32	1759
1641	mittels	50.24	0.00	67.72	1413	30.13	2756	61.94	1454
1642	Umfeld	50.24	1.00	66.61	1440	47.55	1894	39.92	2110
1643	Sonne	50.19	1.00	60.84	1557	62.72	1465	33.03	2485
1644	bundesweit	50.17	0.00	100.36	964	64.29	1438	19.50	3830
1645	Professor	50.07	1.00	63.73	1497	21.65	3598	90.61	997
1646	heiß	50.06	0.00	67.06	1433	62.06	1485	30.05	2708
1647	Strategie	50.01	1.00	72.16	1338	52.68	1733	32.80	2507
1648	elektrisch	50.00	0.00	60.17	1575	26.79	3046	77.31	1173
1649	Nachfolger	49.99	1.00	23.31	3348	58.04	1576	91.99	978
1650	Frank	49.92	1.00	43.97	2051	50.00	1814	56.43	1570
1651	sparen	49.91	0.07	133.23	713	76.34	1193	12.16	5529
1652	hierfür	49.89	0.00	102.14	935	22.10	3549	54.83	1609
1653	alleine	49.84	0.00	60.84	1559	54.24	1680	37.39	2236
1654	spanisch	49.83	0.00	32.42	2631	43.97	2023	86.48	1040
1655	generell	49.82	0.00	62.84	1517	59.38	1549	33.03	2493
1656	Holz	49.77	1.00	54.40	1724	31.25	2670	72.26	1256
1657	Vogel	49.74	1.00	51.74	1809	37.05	2304	64.00	1412
1658	stellvertretend	49.68	0.00	39.52	2249	46.65	1934	66.30	1363
1659	Charakter	49.67	1.00	37.53	2335	34.60	2445	94.06	957
1660	überprüfen	49.66	0.03	87.71	1109	47.77	1886	29.13	2772
1661	vermuten	49.66	0.00	28.87	2869	54.69	1672	77.31	1174
1662	Ball	49.62	1.00	30.86	2732	124.56	722	31.66	2582
1663	Medium	49.50	0.99	81.49	1185	45.54	1975	32.58	2526
1664	angegeben	49.41	0.00	60.84	1561	22.55	3494	87.63	1026
1665	verabschieden	49.37	0.00	47.52	1945	74.33	1234	33.95	2446
1666	verlaufen	49.37	0.00	33.53	2561	32.81	2568	108.97	813
1667	eindeutig	49.31	0.00	48.41	1916	43.75	2031	56.43	1576
1668	Sammlung	49.27	1.00	52.62	1775	19.20	3958	117.91	755
1669	definieren	49.26	0.01	73.28	1317	24.11	3330	67.44	1336
1670	Pause	49.19	1.00	47.96	1922	98.89	931	25.00	3102
1671	Landschaft	49.17	1.00	67.50	1421	28.13	2909	62.40	1448
1672	sicherstellen	49.10	0.00	62.84	1518	68.75	1336	27.30	2915
1673	übergeben	48.95	0.00	41.08	2172	42.64	2083	66.76	1351
1674	Nation	48.90	1.00	41.97	2134	53.57	1701	51.85	1694
1675	Rechter	48.86	1.00	57.73	1636	35.27	2400	57.12	1545
1676	optimal	48.77	0.00	141.00	673	35.72	2379	22.94	3336
1677	Johannes	48.75	1.00	36.42	2400	46.88	1915	67.67	1326
1678	ablehnen	48.73	0.00	33.75	2548	51.56	1772	66.30	1362
1679	Bundestag	48.71	1.00	47.74	1935	93.08	984	25.92	3023
1680	Niederlage	48.69	1.00	19.98	3752	97.99	941	58.73	1514
1681	Maß	48.68	1.00	68.61	1395	27.46	2977	61.02	1474
1682	dahin	48.66	0.00	33.31	2565	43.30	2044	79.60	1136
1683	Armee	48.64	1.00	10.44	6101	95.76	962	114.47	779
1684	Zimmer	48.63	1.00	79.71	1208	32.81	2560	43.82	1954
1685	Show	48.63	1.00	36.86	2373	78.35	1151	39.69	2124
1686	ungewöhnlich	48.63	0.00	37.53	2340	57.14	1607	53.45	1648
1687	genauso	48.60	0.00	77.27	1248	67.19	1365	22.02	3451
1688	Hessen	48.51	1.00	64.39	1481	64.73	1428	27.30	2901
1689	Rückkehr	48.50	1.00	23.54	3321	59.82	1531	80.75	1118
1690	zurückkehren	48.50	0.00	21.98	3517	63.84	1450	80.98	1117
1691	unklar	48.49	0.00	24.43	3235	102.90	890	45.19	1900
1692	Stern	48.46	1.00	47.96	1931	46.65	1935	50.70	1731
1693	Gang	48.41	1.00	42.85	2099	55.58	1644	47.49	1830
1694	Meister	48.39	1.00	27.98	2931	44.20	2008	91.30	987
1695	Ware	48.36	1.00	80.16	1202	42.86	2068	32.80	2506
1696	Mittwoch	48.32	1.00	70.17	1359	277.69	318	5.74	9932
1697	Ansicht	48.30	1.00	40.19	2214	45.98	1955	60.79	1479
1698	Dortmund	48.25	1.00	64.17	1488	101.34	909	17.21	4205
1699	Stefan	48.24	1.00	40.63	2190	100.00	920	27.53	2878
1700	Bezeichnung	48.23	1.00	40.63	2195	14.73	4887	186.50	467
1701	Brandenburg	48.22	1.00	77.05	1254	63.84	1448	22.71	3347
1702	überall	48.21	0.00	72.39	1328	58.48	1571	26.38	2973
1703	Spaß	48.15	1.00	148.33	634	74.11	1235	10.09	6331
1704	Branche	48.09	1.00	105.69	902	69.20	1326	15.14	4670
1705	antreten	48.05	0.02	29.53	2823	72.55	1266	51.62	1703
1706	stabil	48.04	0.00	53.96	1747	65.63	1407	31.20	2620
1707	Sprecher	48.02	1.00	24.65	3213	118.98	761	37.62	2220
1708	intern	48.02	0.00	67.72	1420	49.33	1838	33.03	2497
1709	Begegnung	48.02	1.00	47.07	1958	46.88	1925	50.01	1746
1710	fertig	47.93	0.00	63.95	1495	50.22	1810	34.18	2429
1711	eingehen	47.90	0.01	61.51	1544	49.78	1824	35.79	2333
1712	evangelisch	47.89	0.00	47.30	1954	26.34	3090	87.86	1024
1713	zielen	47.85	0.00	75.27	1283	52.68	1735	27.53	2893
1714	bedienen	47.80	0.02	57.95	1634	36.38	2341	51.62	1705
1715	eigenständig	47.59	0.00	53.96	1749	21.21	3686	93.83	960
1716	Jude	47.53	1.00	32.42	2621	35.27	2408	93.60	961
1717	Ukraine	47.50	1.00	13.99	4896	353.13	242	21.56	3497
1718	verboten	47.49	0.00	35.31	2450	54.47	1675	55.52	1596
1719	lagern	47.48	0.00	31.31	2696	42.19	2095	80.75	1120
1720	van	47.48	0.33	23.76	3310	57.37	1599	78.23	1158
1721	Bein	47.37	1.00	43.74	2064	48.22	1876	50.24	1736
1722	Faktor	47.36	1.00	64.39	1482	43.97	2022	37.39	2239
1723	langjährig	47.36	0.00	52.40	1784	61.16	1502	33.03	2498
1724	zulassen	47.31	0.00	50.18	1864	40.40	2163	52.07	1687
1725	Entwurf	47.27	1.00	46.41	1987	31.70	2646	71.57	1269
1726	Trump	47.25	1.00	29.75	2799	319.87	270	11.01	5897
1727	Arm	47.14	0.51	38.41	2298	47.77	1888	56.89	1562
1728	Lebensmittel	47.12	1.00	85.04	1139	46.88	1923	26.15	3002
1729	ziemlich	47.06	0.00	56.62	1665	70.76	1295	25.92	3017
1730	Bestandteil	47.04	1.00	90.82	1068	22.32	3518	51.16	1712
1731	Anfrage	47.03	1.00	72.39	1331	90.40	1014	15.83	4517
1732	ausländisch	46.95	0.00	51.51	1818	41.97	2104	47.72	1828
1733	Vielfalt	46.95	1.00	109.02	880	40.40	2156	23.40	3267
1734	Plus	46.93	0.62	72.16	1337	97.10	951	14.68	4800
1735	absolut	46.91	0.00	69.94	1368	66.07	1394	22.25	3436
1736	NRW	46.88	1.00	89.26	1085	70.54	1298	16.29	4382
1737	kalt	46.84	0.00	55.73	1690	58.04	1582	31.66	2591
1738	Ministerium	46.83	1.00	49.96	1867	50.45	1800	40.60	2087
1739	Streit	46.80	1.00	26.20	3084	81.70	1111	47.72	1813
1740	Johann	46.76	1.00	23.98	3273	31.47	2655	134.89	650
1741	weshalb	46.75	0.00	34.86	2479	49.55	1829	58.96	1510
1742	installieren	46.75	0.02	69.72	1372	36.38	2342	40.15	2107
1743	Eröffnung	46.65	1.00	41.08	2163	50.89	1786	48.40	1788
1744	verweisen	46.64	0.00	37.75	2327	78.35	1153	34.18	2432
1745	Frankfurter	46.61	1.00	47.30	1946	51.12	1781	41.75	2027
1746	regeln	46.60	0.00	75.05	1287	32.37	2596	41.52	2041
1747	Pflege	46.51	1.00	91.26	1065	38.62	2226	28.45	2803
1748	Truppe	46.51	1.00	11.99	5533	57.37	1598	145.44	605
1749	geplant	46.49	0.00	39.08	2264	77.01	1179	33.26	2474
1750	Erklärung	46.42	1.00	49.07	1895	54.02	1687	37.62	2222
1751	verraten	46.34	0.01	45.08	2019	100.90	916	21.79	3490
1752	Schauspieler	46.34	1.00	24.43	3232	68.31	1340	59.42	1504
1753	Traum	46.33	1.00	47.52	1942	62.72	1467	33.26	2478
1754	Mangel	46.32	1.00	44.85	2027	43.97	2024	50.24	1737
1755	Wissenschaftler	46.25	1.00	69.28	1381	27.46	2967	51.85	1691
1756	fließen	46.24	0.00	43.08	2095	31.25	2678	73.18	1236
1757	Besitz	46.16	1.00	28.42	2894	25.00	3212	137.87	640
1758	spätestens	46.12	0.00	65.95	1450	43.08	2057	34.41	2414
1759	beschränken	46.11	0.00	44.41	2046	29.69	2803	74.10	1220
1760	Marke	46.09	1.00	54.40	1722	50.45	1796	35.56	2335
1761	geblieben	46.05	0.00	30.64	2741	52.23	1748	60.79	1477
1762	fortsetzen	46.02	0.00	33.53	2563	60.72	1515	47.72	1827
1763	testen	46.02	0.00	87.71	1108	47.77	1891	23.17	3307
1764	bereiten	45.90	0.00	54.62	1721	64.06	1446	27.53	2897
1765	England	45.89	1.00	22.65	3414	43.08	2054	98.64	912
1766	lieben	45.80	0.00	49.52	1888	58.93	1565	32.80	2510
1767	gefragt	45.77	0.00	78.60	1227	79.02	1141	15.37	4606
1768	körperlich	45.77	0.00	60.84	1563	48.22	1877	32.58	2531
1769	Investition	45.76	1.00	54.62	1719	82.81	1100	21.11	3564
1770	Kombination	45.74	1.00	69.50	1374	34.38	2457	39.92	2113
1771	Münchner	45.69	1.00	34.20	2517	90.40	1013	30.74	2636
1772	scharf	45.53	0.00	32.20	2649	64.96	1426	44.96	1909
1773	Gewicht	45.52	1.00	42.19	2123	33.48	2508	66.53	1353
1774	Bestand	45.50	1.00	54.62	1720	25.22	3193	68.13	1320
1775	vereinbaren	45.50	0.02	82.60	1169	33.93	2494	33.49	2473
1776	Niedersachsen	45.43	1.00	74.83	1289	61.83	1487	20.19	3696
1777	rasch	45.37	0.00	27.98	2937	60.94	1506	54.60	1614
1778	Wetter	45.35	1.00	64.17	1490	86.39	1060	16.75	4316
1779	David	45.34	1.00	25.31	3149	62.95	1463	58.27	1522
1780	erwerben	45.32	0.00	60.17	1572	18.97	4005	81.21	1111
1781	Franz	45.31	1.00	21.32	3577	54.91	1660	79.14	1144
1782	Wolfgang	45.31	1.00	36.64	2383	55.14	1653	45.88	1873
1783	Tisch	45.30	1.00	59.95	1580	69.42	1320	22.25	3412
1784	Training	45.30	1.00	53.96	1741	64.51	1435	26.61	2952
1785	Kenntnis	45.30	1.00	100.36	963	26.12	3101	35.33	2360
1786	Umsatz	45.26	1.00	49.74	1874	71.65	1282	25.92	3021
1787	ehrenamtlich	45.22	0.00	83.93	1155	35.72	2384	30.74	2647
1788	Viertel	45.20	0.98	36.64	2392	48.44	1862	51.85	1690
1789	Widerstand	45.14	1.00	22.20	3477	55.36	1647	74.56	1214
1790	üben	45.13	0.07	42.41	2121	42.41	2091	50.93	1722
1791	Typ	45.13	1.00	31.31	2695	38.17	2249	76.62	1183
1792	Pferd	45.12	1.00	35.97	2419	33.93	2490	75.01	1204
1793	Kleiner	45.09	1.00	61.73	1541	37.50	2277	39.46	2141
1794	Japan	45.04	1.00	27.53	2963	36.38	2331	90.84	994
1795	fehlend	45.02	0.00	44.41	2044	45.09	1991	45.42	1894
1796	befreien	45.02	0.00	29.75	2810	48.44	1868	63.09	1435
1797	Fernsehen	45.00	0.98	39.30	2252	41.97	2101	55.06	1604
1798	Erweiterung	44.95	1.00	43.08	2091	32.14	2606	65.38	1380
1799	Gestaltung	44.95	1.00	87.04	1115	19.20	3953	54.14	1622
1800	Umfang	44.95	1.00	62.39	1520	26.56	3049	54.60	1610
1801	anerkennen	44.89	0.00	51.51	1817	29.91	2788	58.50	1519
1802	vornehmen	44.88	0.00	54.18	1734	33.26	2532	50.01	1741
1803	unbekannt	44.88	0.00	22.20	3488	53.57	1704	75.70	1191
1804	freiwillig	44.87	0.00	65.06	1469	42.19	2097	32.80	2509
1805	Post	44.86	1.00	51.07	1828	65.63	1397	26.84	2938
1806	Motiv	44.79	1.00	41.08	2176	33.93	2486	64.23	1406
1807	schriftlich	44.78	0.00	104.14	910	18.08	4168	47.49	1832
1808	abhängig	44.78	0.00	54.40	1725	28.80	2846	57.12	1550
1809	Auszeichnung	44.69	1.00	49.74	1872	33.04	2548	54.14	1628
1810	heben	44.69	0.00	34.86	2488	64.29	1441	39.69	2131
1811	befassen	44.68	0.00	51.96	1803	31.47	2668	54.37	1621
1812	beantragen	44.68	0.00	79.94	1205	48.44	1869	22.94	3335
1813	bayerisch	44.51	0.00	58.18	1632	44.20	2011	34.18	2428
1814	auswählen	44.51	0.01	81.27	1190	30.80	2709	35.10	2370
1815	östlich	44.48	0.00	23.76	3314	20.98	3723	175.72	501
1816	Beschluss	44.44	1.00	53.96	1744	38.62	2229	41.98	2022
1817	Wachstum	44.44	1.00	48.63	1907	58.93	1560	30.51	2655
1818	Niveau	44.42	1.00	53.51	1756	60.27	1522	27.07	2923
1819	verschwinden	44.38	0.16	29.98	2795	49.11	1843	59.19	1509
1820	Bewertung	44.30	1.00	95.92	1004	33.93	2484	26.61	2955
1821	messen	44.29	0.01	52.18	1792	40.63	2153	40.83	2083
1822	längst	44.26	0.00	59.95	1578	95.09	969	15.14	4648
1823	Integration	44.22	1.00	93.26	1037	37.28	2283	24.78	3116
1824	erhoben	44.21	0.00	54.40	1727	30.13	2761	52.53	1673
1825	kg	44.20	0.00	54.40	1729	16.96	4409	93.14	966
1826	ansonsten	44.08	0.00	47.52	1943	39.96	2184	44.96	1907
1827	lehnen	44.03	0.00	25.54	3141	47.77	1890	69.74	1303
1828	grundlegend	44.02	0.00	61.95	1536	29.47	2814	46.57	1862
1829	Georg	44.01	1.00	26.20	3076	37.28	2282	86.94	1036
1830	Kino	44.01	1.00	33.53	2557	39.29	2209	64.46	1398
1831	Vorwurf	44.00	1.00	19.54	3825	118.98	765	36.48	2285
1832	erleichtern	43.99	0.00	78.83	1225	45.98	1964	23.40	3287
1833	beachten	43.98	0.08	141.00	670	31.92	2623	18.81	3917
1834	vorliegen	43.94	0.12	71.94	1341	37.95	2261	30.97	2632
1835	live	43.94	0.00	47.96	1921	60.49	1518	29.13	2769
1836	Dienstag	43.86	1.00	63.06	1510	288.18	297	4.59	11755
1837	Meisterschaft	43.84	1.00	19.54	3820	38.84	2222	110.57	803
1838	demokratisch	43.83	0.00	38.86	2279	66.74	1374	32.35	2548
1839	zunehmend	43.79	0.00	47.07	1960	29.47	2813	60.33	1489
1840	Allgemeine	43.78	1.00	59.95	1583	22.10	3547	63.09	1432
1841	beibehalten	43.72	0.01	46.63	1980	39.51	2196	45.19	1903
1842	Flug	43.70	1.00	40.19	2221	45.31	1984	45.65	1888
1843	Service	43.69	1.00	133.01	714	30.58	2717	20.42	3652
1844	ruhig	43.65	0.00	64.39	1486	52.90	1723	24.32	3185
1845	Stärke	43.63	1.00	51.96	1798	48.22	1874	33.03	2491
1846	gearbeitet	43.61	0.00	47.30	1947	48.22	1870	36.25	2290
1847	Ecke	43.56	1.00	34.42	2510	52.68	1730	45.42	1892
1848	ums	43.55	0.00	30.86	2726	63.17	1458	42.21	2011
1849	selber	43.54	0.00	60.84	1558	36.83	2307	36.70	2274
1850	Einblick	43.49	1.00	98.81	980	50.89	1791	16.29	4407
1851	sämtlicher	43.49	0.00	47.74	1933	34.82	2429	49.32	1758
1852	steigend	43.44	0.00	51.96	1802	62.28	1479	25.23	3094
1853	Ortsteil	43.41	1.00	26.87	3022	31.47	2660	96.35	932
1854	kennenlernen	43.36	0.11	78.83	1226	38.39	2244	26.84	2947
1855	Magazin	43.36	1.00	47.30	1952	29.02	2832	59.19	1507
1856	Wolf	43.36	1.00	38.19	2305	52.68	1736	40.37	2092
1857	hierzu	43.35	0.00	102.81	930	15.63	4688	50.47	1733
1858	aufmerksam	43.35	0.00	54.18	1732	50.22	1807	29.82	2715
1859	Urlaub	43.33	1.00	101.92	936	60.72	1511	13.08	5228
1860	Bord	43.32	1.00	34.42	2504	46.43	1938	50.70	1725
1861	Vermögen	43.21	0.76	33.75	2544	43.08	2056	55.29	1602
1862	registrieren	43.12	0.02	55.29	1708	42.86	2073	33.72	2457
1863	Verständnis	43.12	1.00	55.29	1698	40.63	2149	35.56	2339
1864	Frieden	43.06	1.00	32.86	2596	68.08	1350	35.56	2341
1865	trocken	43.06	0.00	43.52	2075	41.07	2141	44.50	1929
1866	Besitzer	43.03	1.00	25.76	3114	45.09	1988	68.36	1316
1867	ließen	43.00	0.00	27.09	3001	52.23	1747	55.97	1585
1868	Flucht	42.97	1.00	28.20	2908	46.65	1928	60.10	1490
1869	sobald	42.96	0.00	64.62	1478	38.62	2231	31.66	2585
1870	versehen	42.96	0.06	37.08	2357	25.22	3189	84.42	1058
1871	professionell	42.95	0.00	91.48	1064	27.46	2983	31.43	2605
1872	gern	42.90	0.00	95.26	1009	58.93	1558	13.99	4960
1873	Bitte	42.88	1.00	150.99	627	25.45	3167	20.42	3666
1874	senden	42.87	0.08	69.06	1386	27.68	2958	41.06	2070
1875	Kreuz	42.87	0.98	27.31	2985	41.07	2138	69.97	1298
1876	Direktor	42.82	1.00	27.53	2964	32.59	2576	87.17	1033
1877	Gymnasium	42.78	1.00	63.95	1494	21.88	3569	55.74	1591
1878	Polizist	42.78	1.00	18.65	3965	104.69	870	39.92	2116
1879	andererseits	42.78	0.00	46.63	1982	31.03	2693	53.91	1634
1880	Ruhe	42.70	1.00	59.73	1588	52.90	1718	24.55	3147
1881	Stadion	42.67	1.00	18.21	4042	75.00	1218	56.66	1567
1882	Geburt	42.67	1.00	51.29	1820	31.47	2658	47.95	1804
1883	stürzen	42.67	0.00	20.65	3669	78.13	1158	47.95	1809
1884	Beamte	42.66	1.00	27.09	2998	102.01	896	27.99	2830
1885	Haar	42.54	1.00	40.86	2183	42.41	2090	44.27	1940
1886	anschließen	42.53	0.01	43.30	2084	29.69	2800	59.64	1501
1887	Grundschule	42.52	1.00	67.06	1432	30.36	2745	37.62	2224
1888	steuern	42.50	0.00	53.96	1746	40.40	2165	35.10	2375
1889	mobil	42.48	0.05	125.68	758	33.93	2492	17.89	4102
1890	beschließen	42.47	0.00	30.86	2735	33.48	2520	73.87	1225
1891	glücklich	42.47	0.00	51.96	1797	59.82	1536	24.55	3156
1892	Freundin	42.46	1.00	32.64	2610	50.67	1794	46.11	1872
1893	Papier	42.43	1.00	51.74	1805	50.89	1789	28.90	2781
1894	außehen	42.43	0.00	63.06	1514	70.09	1312	17.21	4232
1895	einzigartig	42.41	0.00	77.27	1253	43.30	2049	22.71	3365
1896	Turm	42.38	1.00	20.43	3694	20.54	3787	180.54	487
1897	Eigenschaft	42.38	1.00	61.06	1555	18.53	4081	66.99	1343
1898	anzeigen	42.37	0.00	96.15	1003	35.05	2420	22.48	3390
1899	vorne	42.35	0.00	30.86	2729	70.31	1305	34.87	2382
1900	Daniel	42.34	1.00	27.53	2962	73.89	1238	37.16	2249
1901	trainieren	42.33	0.02	41.97	2137	54.91	1665	32.80	2512
1902	Fußball	42.22	1.00	34.20	2522	78.35	1150	27.99	2839
1903	Gemeinschaft	42.21	1.00	42.19	2126	37.05	2297	47.95	1805
1904	veranstalten	42.18	0.01	56.18	1679	29.91	2789	44.50	1930
1905	ausgebaut	42.17	0.00	39.75	2229	29.47	2808	63.77	1416
1906	Wiener	42.16	1.00	10.66	6027	102.23	894	68.36	1315
1907	gegenseitig	42.15	0.00	49.74	1875	34.60	2446	43.36	1970
1908	breiten	42.13	0.00	37.75	2323	35.27	2412	55.97	1588
1909	Küche	42.13	1.00	74.83	1290	46.65	1930	21.33	3530
1910	Ton	42.12	1.00	38.64	2293	40.40	2162	47.72	1825
1911	Ei	42.11	0.98	40.19	2220	32.14	2614	57.58	1540
1912	gefeiert	42.11	0.00	37.30	2343	68.98	1330	28.90	2775
1913	beantworten	42.06	0.02	92.15	1052	49.33	1836	16.29	4417
1914	erteilen	42.02	0.00	62.17	1529	30.13	2764	39.46	2146
1915	Protest	42.02	1.00	21.09	3614	85.27	1073	41.06	2068
1916	offensichtlich	42.01	0.00	35.53	2434	58.48	1572	35.56	2343
1917	Debatte	41.99	1.00	39.30	2253	90.85	1008	20.65	3635
1918	realisieren	41.95	0.01	60.62	1566	25.67	3152	47.26	1840
1919	stehend	41.86	0.00	36.19	2411	30.36	2752	66.53	1355
1920	Lehre	41.86	1.00	63.28	1506	17.41	4301	66.30	1359
1921	Prinzip	41.86	1.00	58.62	1616	26.12	3102	47.72	1823
1922	Webseite	41.84	1.00	159.43	583	23.44	3395	19.50	3822
1923	Türkei	41.83	1.00	33.53	2550	61.16	1499	35.56	2337
1924	monatlich	41.80	0.00	72.61	1327	36.38	2338	27.53	2887
1925	dauerhaft	41.75	0.00	49.07	1896	36.61	2322	40.37	2094
1926	gültig	41.71	0.00	64.84	1474	26.56	3069	41.98	2023
1927	Trend	41.67	1.00	79.94	1204	66.52	1380	13.53	5101
1928	Ring	41.66	1.00	24.87	3203	47.10	1911	61.48	1463
1929	Geschwindigkeit	41.64	1.00	33.53	2553	40.85	2144	52.53	1674
1930	Beteiligung	41.64	1.00	53.96	1740	37.72	2266	35.33	2350
1931	fassen	41.62	0.01	40.41	2208	39.73	2192	44.73	1922
1932	Höhepunkt	41.61	1.00	38.86	2273	48.22	1872	38.31	2190
1933	Ordnung	41.58	1.00	40.41	2200	35.94	2358	49.32	1755
1934	relevant	41.58	0.00	86.15	1124	34.82	2433	23.86	3235
1935	Ausdruck	41.57	1.00	40.63	2194	28.13	2907	62.63	1441
1936	sexuell	41.57	0.00	37.97	2320	52.01	1759	36.25	2299
1937	Google	41.56	1.00	160.98	574	60.27	1524	7.34	8133
1938	Republik	41.53	1.00	29.53	2816	38.17	2246	63.32	1425
1939	John	41.52	1.00	15.32	4590	38.17	2247	121.81	729
1940	SV	41.47	1.00	24.65	3209	89.73	1021	32.12	2554
1941	Mithilfe	41.46	1.00	58.62	1618	48.89	1848	24.78	3132
1942	Rom	41.45	1.00	26.42	3066	33.93	2481	79.14	1147
1943	identifizieren	41.44	0.01	47.96	1927	33.93	2489	43.59	1963
1944	Konzern	41.38	1.00	44.63	2035	83.04	1095	19.04	3886
1945	eignen	41.38	0.01	95.04	1015	29.69	2798	25.00	3113
1946	verarbeiten	41.37	0.01	72.83	1322	25.89	3131	37.39	2245
1947	Journalist	41.32	1.00	38.64	2290	48.66	1854	37.39	2241
1948	Fraktion	41.32	1.00	47.30	1949	55.36	1648	26.84	2944
1949	erworben	41.28	0.00	55.07	1710	22.55	3495	56.43	1574
1950	verstecken	41.28	0.00	37.75	2330	38.17	2253	48.63	1785
1951	Kommentar	41.27	1.00	49.52	1887	53.13	1717	26.61	2965
1952	super	41.26	0.42	76.61	1258	59.38	1548	15.37	4588
1953	For	41.25	1.00	43.52	2068	32.59	2577	49.32	1757
1954	Botschaft	41.25	1.00	36.86	2372	65.63	1400	28.90	2778
1955	gefordert	41.22	0.00	37.30	2346	73.44	1244	25.46	3071
1956	heimisch	41.16	0.00	52.18	1790	73.44	1246	18.12	4052
1957	riesig	41.11	0.00	55.07	1711	72.99	1252	17.21	4234
1958	Aktie	41.09	1.00	40.86	2181	118.75	766	14.22	4903
1959	Ablauf	41.08	1.00	68.61	1394	28.13	2911	35.79	2323
1960	anlässlich	41.06	0.00	47.74	1937	37.28	2290	38.77	2173
1961	kreativ	41.02	0.00	88.15	1103	41.97	2105	18.58	3971
1962	alternativ	41.01	0.00	63.28	1509	38.17	2252	28.45	2814
1963	Management	40.98	1.00	83.27	1159	29.91	2775	27.53	2879
1964	Ausschuss	40.97	1.00	50.85	1838	26.34	3085	51.16	1717
1965	Thüringen	40.96	1.00	41.52	2148	77.23	1173	21.33	3533
1966	Bedürfnis	40.93	1.00	89.48	1081	36.16	2352	21.11	3574
1967	Finanzierung	40.93	1.00	55.96	1681	43.97	2017	27.76	2850
1968	Steuer	40.92	1.00	48.63	1909	59.38	1547	23.63	3251
1969	Schwierigkeit	40.92	1.00	37.97	2312	35.94	2360	50.01	1740
1970	Operation	40.91	1.00	41.30	2161	33.04	2550	50.01	1743
1971	pflegen	40.90	0.00	58.40	1627	31.03	2697	37.62	2229
1972	fein	40.87	0.01	49.07	1902	31.47	2669	44.05	1949
1973	erfordern	40.86	0.00	60.17	1576	32.81	2570	34.41	2422
1974	aufbauen	40.82	0.01	51.29	1823	43.30	2048	30.51	2671
1975	Summe	40.75	1.00	35.53	2431	55.14	1656	34.41	2412
1976	Anzeige	40.75	1.00	64.62	1477	52.23	1750	19.96	3738
1977	tauchen	40.74	0.08	35.53	2442	35.94	2366	52.76	1667
1978	Hektar	40.71	1.00	31.75	2664	28.57	2864	74.10	1216
1979	auslösen	40.70	0.03	36.19	2413	63.17	1460	29.36	2747
1980	Großer	40.69	1.00	44.85	2021	32.14	2609	46.57	1857
1981	Hafen	40.68	1.00	30.20	2776	33.26	2531	66.76	1347
1982	immerhin	40.68	0.00	47.30	1953	93.53	981	15.14	4672
1983	leer	40.64	0.00	36.64	2399	49.11	1840	37.16	2252
1984	unbekannte	40.62	0.42	28.87	2867	101.79	903	22.71	3363
1985	Spielzeit	40.57	1.00	14.43	4786	42.41	2089	108.51	819
1986	Literatur	40.54	1.00	41.74	2139	12.05	5654	131.68	675
1987	ungefähr	40.47	0.00	31.53	2684	30.13	2759	69.51	1304
1988	inklusive	40.44	0.00	64.39	1480	49.55	1827	20.65	3622
1989	S	40.43	0.58	47.30	1950	19.20	3970	72.49	1254
1990	bearbeiten	40.42	0.04	81.05	1192	20.09	3863	40.37	2099
1991	verurteilt	40.40	0.00	17.32	4194	70.31	1307	53.91	1631
1992	unterliegen	40.40	0.00	43.52	2074	31.03	2699	48.63	1784
1993	Aufmerksamkeit	40.36	1.00	41.30	2156	42.41	2088	37.39	2231
1994	Herstellung	40.36	1.00	46.85	1962	23.88	3336	58.50	1517
1995	innerer	40.35	0.00	32.86	2602	26.79	3045	74.33	1215
1996	z	40.31	0.25	44.19	2047	20.76	3739	71.11	1275
1997	begeistert	40.27	0.00	52.85	1765	56.47	1620	21.79	3479
1998	dicht	40.26	0.00	29.09	2854	39.29	2210	56.89	1561
1999	wahrnehmen	40.23	0.01	52.85	1772	36.16	2353	33.95	2440
2000	tot	40.22	0.00	21.98	3514	54.91	1663	53.68	1639
